time,F.Close,GM.Close
2018-12-31,7.650000095367432,33.45000076293945
2018-12-28,7.809999942779541,33.91999816894531
2018-12-27,7.849999904632568,33.959999084472656
2018-12-26,7.849999904632568,33.52000045776367
2018-12-24,7.630000114440918,32.369998931884766
2018-12-21,8.050000190734863,32.97999954223633
2018-12-20,8.260000228881836,34.27000045776367
2018-12-19,8.319999694824219,34.93000030517578
2018-12-18,8.470000267028809,34.900001525878906
2018-12-17,8.5,34.65999984741211
2018-12-14,8.520000457763672,35.099998474121094
2018-12-13,8.5,35.11000061035156
2018-12-12,8.640000343322754,35.68000030517578
2018-12-11,8.539999961853027,34.689998626708984
2018-12-10,8.520000457763672,34.41999816894531
2018-12-07,8.819999694824219,34.689998626708984
2018-12-06,9.020000457763672,35.70000076293945
2018-12-04,9.180000305175781,36.52000045776367
2018-12-03,9.600000381469727,38.45000076293945
2018-11-30,9.40999984741211,37.95000076293945
2018-11-29,9.369999885559082,36.7599983215332
2018-11-28,9.40999984741211,36.95000076293945
2018-11-27,9.279999732971191,36.689998626708984
2018-11-26,9.399999618530273,37.650001525878906
2018-11-23,9.130000114440918,35.93000030517578
2018-11-21,9.109999656677246,35.54999923706055
2018-11-20,9.0600004196167,35.09000015258789
2018-11-19,9.25,35.68000030517578
2018-11-16,9.050000190734863,35.75
2018-11-15,9.3100004196167,35.54999923706055
2018-11-14,9.539999961853027,35.22999954223633
2018-11-13,9.539999961853027,35.93000030517578
2018-11-12,9.489999771118164,35.689998626708984
2018-11-09,9.380000114440918,35.70000076293945
2018-11-08,9.460000038146973,36.56999969482422
2018-11-07,9.600000381469727,36.880001068115234
2018-11-06,9.539999961853027,36.459999084472656
2018-11-05,9.529999732971191,36.25
2018-11-02,9.380000114440918,36.029998779296875
2018-11-01,9.289999961853027,36.470001220703125
2018-10-31,9.550000190734863,36.59000015258789
2018-10-30,9.460000038146973,33.540000915527344
2018-10-29,9.279999732971191,33.130001068115234
2018-10-26,8.979999542236328,32.650001525878906
2018-10-25,8.989999771118164,32
2018-10-24,8.180000305175781,30.559999465942383
2018-10-23,8.59000015258789,32.119998931884766
2018-10-22,8.40999984741211,31.34000015258789
2018-10-19,8.5,31.200000762939453
2018-10-18,8.510000228881836,31.079999923706055
2018-10-17,8.760000228881836,31.93000030517578
2018-10-16,8.800000190734863,32.34000015258789
2018-10-15,8.8100004196167,32.119998931884766
2018-10-12,8.640000343322754,31.790000915527344
2018-10-11,8.8100004196167,32.310001373291016
2018-10-10,8.819999694824219,32.599998474121094
2018-10-09,8.949999809265137,32.650001525878906
2018-10-08,9.260000228881836,34.25
2018-10-05,9.119999885559082,34.119998931884766
2018-10-04,9.149999618530273,34.25
2018-10-03,9.130000114440918,34
2018-10-02,9.199999809265137,33.29999923706055
2018-10-01,9.319999694824219,34.20000076293945
2018-09-28,9.25,33.66999816894531
2018-09-27,9.229999542236328,33.66999816894531
2018-09-26,9.270000457763672,33.72999954223633
2018-09-25,9.390000343322754,33.54999923706055
2018-09-24,9.59000015258789,34.75
2018-09-21,9.850000381469727,35.31999969482422
2018-09-20,9.8100004196167,36.08000183105469
2018-09-19,9.779999732971191,35.72999954223633
2018-09-18,9.579999923706055,35.099998474121094
2018-09-17,9.550000190734863,35.02000045776367
2018-09-14,9.449999809265137,34.630001068115234
2018-09-13,9.369999885559082,34.25
2018-09-12,9.34000015258789,34.060001373291016
2018-09-11,9.3100004196167,33.77000045776367
2018-09-10,9.380000114440918,33.869998931884766
2018-09-07,9.270000457763672,33.90999984741211
2018-09-06,9.430000305175781,34.380001068115234
2018-09-05,9.489999771118164,35.290000915527344
2018-09-04,9.470000267028809,35.599998474121094
2018-08-31,9.479999542236328,36.04999923706055
2018-08-30,9.699999809265137,36.36000061035156
2018-08-29,9.970000267028809,37.119998931884766
2018-08-28,10.010000228881836,37.31999969482422
2018-08-27,9.989999771118164,37.689998626708984
2018-08-24,9.680000305175781,35.95000076293945
2018-08-23,9.630000114440918,35.66999816894531
2018-08-22,9.6899995803833,36.130001068115234
2018-08-21,9.859999656677246,36.90999984741211
2018-08-20,9.720000267028809,36.77000045776367
2018-08-17,9.550000190734863,36.380001068115234
2018-08-16,9.510000228881836,36.290000915527344
2018-08-15,9.449999809265137,35.939998626708984
2018-08-14,9.5,36.20000076293945
2018-08-13,9.460000038146973,36.15999984741211
2018-08-10,9.739999771118164,36.59000015258789
2018-08-09,9.90999984741211,37.5099983215332
2018-08-08,10.050000190734863,37.65999984741211
2018-08-07,10.079999923706055,37.58000183105469
2018-08-06,10.029999732971191,37.599998474121094
2018-08-03,10.039999961853027,37.72999954223633
2018-08-02,9.920000076293945,36.619998931884766
2018-08-01,9.899999618530273,37.13999938964844
2018-07-31,10.039999961853027,37.90999984741211
2018-07-30,10.069999694824219,37.66999816894531
2018-07-27,9.930000305175781,37.529998779296875
2018-07-26,9.890000343322754,36.75
2018-07-25,10.520000457763672,37.650001525878906
2018-07-24,10.569999694824219,39.47999954223633
2018-07-23,10.470000267028809,39.27000045776367
2018-07-20,10.5600004196167,39.400001525878906
2018-07-19,10.819999694824219,39.310001373291016
2018-07-18,10.869999885559082,39.869998931884766
2018-07-17,10.859999656677246,40.029998779296875
2018-07-16,10.850000381469727,39.560001373291016
2018-07-13,10.979999542236328,39.36000061035156
2018-07-12,11.050000190734863,39.27000045776367
2018-07-11,11.069999694824219,39.29999923706055
2018-07-10,11.25,40.09000015258789
2018-07-09,11.199999809265137,39.75
2018-07-06,11.0600004196167,39.15999984741211
2018-07-05,11.050000190734863,39.470001220703125
2018-07-03,10.989999771118164,38.970001220703125
2018-07-02,11.100000381469727,39.5
2018-06-29,11.069999694824219,39.400001525878906
2018-06-28,11.279999732971191,40.52000045776367
2018-06-27,11.420000076293945,40.369998931884766
2018-06-26,11.520000457763672,41.0099983215332
2018-06-25,11.5,40.61000061035156
2018-06-22,11.649999618530273,41.25
2018-06-21,11.710000038146973,41.119998931884766
2018-06-20,11.869999885559082,41.95000076293945
2018-06-19,11.890000343322754,42.2599983215332
2018-06-18,11.989999771118164,43.95000076293945
2018-06-15,11.880000114440918,43.90999984741211
2018-06-14,11.890000343322754,43.56999969482422
2018-06-13,12.020000457763672,44.45000076293945
2018-06-12,12.109999656677246,44.18000030517578
2018-06-11,12.029999732971191,44.849998474121094
2018-06-08,12.100000381469727,44.25
2018-06-07,12.029999732971191,44.0099983215332
2018-06-06,11.970000267028809,43.93000030517578
2018-06-05,11.829999923706055,43.40999984741211
2018-06-04,11.739999771118164,43.779998779296875
2018-06-01,11.710000038146973,43.20000076293945
2018-05-31,11.550000190734863,42.70000076293945
2018-05-30,11.550000190734863,37.83000183105469
2018-05-29,11.4399995803833,37.380001068115234
2018-05-25,11.510000228881836,38.29999923706055
2018-05-24,11.619999885559082,38.38999938964844
2018-05-23,11.4399995803833,37.849998474121094
2018-05-22,11.520000457763672,38.279998779296875
2018-05-21,11.510000228881836,38.09000015258789
2018-05-18,11.329999923706055,37.790000915527344
2018-05-17,11.460000038146973,38.29999923706055
2018-05-16,11.399999618530273,38.029998779296875
2018-05-15,11.220000267028809,36.939998626708984
2018-05-14,11.180000305175781,36.630001068115234
2018-05-11,11.1899995803833,36.88999938964844
2018-05-10,11.210000038146973,37.15999984741211
2018-05-09,11.0600004196167,36.27000045776367
2018-05-08,11.270000457763672,36.33000183105469
2018-05-07,11.34000015258789,36.34000015258789
2018-05-04,11.359999656677246,36.709999084472656
2018-05-03,11.199999809265137,36.150001525878906
2018-05-02,11.210000038146973,36.20000076293945
2018-05-01,11.260000228881836,36.41999816894531
2018-04-30,11.239999771118164,36.7400016784668
2018-04-27,11.489999771118164,37.650001525878906
2018-04-26,11.430000305175781,38.25
2018-04-25,11.109999656677246,38.11000061035156
2018-04-24,10.960000038146973,37.93000030517578
2018-04-23,11.039999961853027,37.689998626708984
2018-04-20,10.819999694824219,37.61000061035156
2018-04-19,10.960000038146973,37.77000045776367
2018-04-18,11.329999923706055,38.93000030517578
2018-04-17,11.380000114440918,39.220001220703125
2018-04-16,11.380000114440918,39.16999816894531
2018-04-13,11.279999732971191,38.72999954223633
2018-04-12,11.3100004196167,38.83000183105469
2018-04-11,11.430000305175781,39
2018-04-10,11.449999809265137,39.06999969482422
2018-04-09,11.25,37.83000183105469
2018-04-06,11.180000305175781,37.68000030517578
2018-04-05,11.350000381469727,38
2018-04-04,11.329999923706055,38.029998779296875
2018-04-03,11.149999618530273,36.939998626708984
2018-04-02,10.859999656677246,35.7599983215332
2018-03-29,11.079999923706055,36.34000015258789
2018-03-28,10.859999656677246,35.470001220703125
2018-03-27,10.829999923706055,34.869998931884766
2018-03-26,10.829999923706055,35.9900016784668
2018-03-23,10.5600004196167,35.16999816894531
2018-03-22,10.75,36.349998474121094
2018-03-21,11.100000381469727,37.58000183105469
2018-03-20,10.989999771118164,36.88999938964844
2018-03-19,11.010000228881836,37.0099983215332
2018-03-16,11.149999618530273,37.939998626708984
2018-03-15,11.069999694824219,37.849998474121094
2018-03-14,11.020000457763672,37.689998626708984
2018-03-13,10.779999732971191,38.0099983215332
2018-03-12,10.8100004196167,37.83000183105469
2018-03-09,10.729999542236328,37.84000015258789
2018-03-08,10.609999656677246,37.84000015258789
2018-03-07,10.630000114440918,37.7400016784668
2018-03-06,10.630000114440918,37.93000030517578
2018-03-05,10.579999923706055,37.7400016784668
2018-03-02,10.399999618530273,37.43000030517578
2018-03-01,10.289999961853027,37.790000915527344
2018-02-28,10.609999656677246,39.349998474121094
2018-02-27,10.609999656677246,40.16999816894531
2018-02-26,10.890000343322754,41.540000915527344
2018-02-23,10.699999809265137,40.90999984741211
2018-02-22,10.630000114440918,40.90999984741211
2018-02-21,10.600000381469727,40.560001373291016
2018-02-20,10.630000114440918,40.77000045776367
2018-02-16,10.609999656677246,41.09000015258789
2018-02-15,10.760000228881836,41.849998474121094
2018-02-14,10.739999771118164,41.810001373291016
2018-02-13,10.59000015258789,41.400001525878906
2018-02-12,10.699999809265137,42
2018-02-09,10.529999732971191,41.459999084472656
2018-02-08,10.430000305175781,40.75
2018-02-07,10.760000228881836,42.38999938964844
2018-02-06,10.760000228881836,41.86000061035156
2018-02-05,10.239999771118164,39.540000915527344
2018-02-02,10.710000038146973,41
2018-02-01,10.920000076293945,42.43000030517578
2018-01-31,10.970000267028809,42.40999984741211
2018-01-30,11.0600004196167,42.70000076293945
2018-01-29,11.119999885559082,43.02000045776367
2018-01-26,11.649999618530273,43.4900016784668
2018-01-25,11.569999694824219,43.15999984741211
2018-01-24,12.050000190734863,44.15999984741211
2018-01-23,11.960000038146973,43.380001068115234
2018-01-22,12.020000457763672,43.290000915527344
2018-01-19,12,43.150001525878906
2018-01-18,12.069999694824219,43.86000061035156
2018-01-17,12.180000305175781,44.029998779296875
2018-01-16,13.100000381469727,44.189998626708984
2018-01-12,13.229999542236328,44.06999969482422
2018-01-11,13.15999984741211,44.189998626708984
2018-01-10,13.029999732971191,43
2018-01-09,13.079999923706055,44.04999923706055
2018-01-08,13.149999618530273,44.220001220703125
2018-01-05,13.199999809265137,44.0099983215332
2018-01-04,12.979999542236328,44.13999938964844
2018-01-03,12.760000228881836,42.81999969482422
2018-01-02,12.65999984741211,41.79999923706055
2017-12-29,12.489999771118164,40.9900016784668
2017-12-28,12.579999923706055,41.380001068115234
2017-12-27,12.5,41.310001373291016
2017-12-26,12.600000381469727,41.79999923706055
2017-12-22,12.579999923706055,42.02000045776367
2017-12-21,12.630000114440918,42.15999984741211
2017-12-20,12.720000267028809,42.52000045776367
2017-12-19,12.6899995803833,42.4900016784668
2017-12-18,12.65999984741211,42.150001525878906
2017-12-15,12.579999923706055,40.95000076293945
2017-12-14,12.460000038146973,40.810001373291016
2017-12-13,12.630000114440918,41.400001525878906
2017-12-12,12.600000381469727,41.529998779296875
2017-12-11,12.579999923706055,41.66999816894531
2017-12-08,12.609999656677246,42.02000045776367
2017-12-07,12.529999732971191,42.02000045776367
2017-12-06,12.380000114440918,42.150001525878906
2017-12-05,12.430000305175781,42.79999923706055
2017-12-04,12.630000114440918,43.04999923706055
2017-12-01,12.579999923706055,42.790000915527344
2017-11-30,12.520000457763672,43.09000015258789
2017-11-29,12.5600004196167,43.810001373291016
2017-11-28,12.210000038146973,44.91999816894531
2017-11-27,12.109999656677246,44.16999816894531
2017-11-24,12.100000381469727,44.459999084472656
2017-11-22,12.069999694824219,44.290000915527344
2017-11-21,12.119999885559082,44.970001220703125
2017-11-20,12.130000114440918,44.880001068115234
2017-11-17,12.010000228881836,43.880001068115234
2017-11-16,12.039999961853027,43.599998474121094
2017-11-15,12,42.86000061035156
2017-11-14,12.020000457763672,43
2017-11-13,12.15999984741211,43.56999969482422
2017-11-10,12.010000228881836,42.65999984741211
2017-11-09,12.039999961853027,42.11000061035156
2017-11-08,12.0600004196167,42.11000061035156
2017-11-07,12.15999984741211,41.70000076293945
2017-11-06,12.329999923706055,42.13999938964844
2017-11-03,12.359999656677246,42.34000015258789
2017-11-02,12.420000076293945,42.599998474121094
2017-11-01,12.350000381469727,43.130001068115234
2017-10-31,12.270000457763672,42.97999954223633
2017-10-30,12.100000381469727,43.369998931884766
2017-10-27,12.0600004196167,44.63999938964844
2017-10-26,12.270000457763672,45.25
2017-10-25,12.039999961853027,45.119998931884766
2017-10-24,12.1899995803833,46.47999954223633
2017-10-23,12.039999961853027,45.150001525878906
2017-10-20,12.100000381469727,45.61000061035156
2017-10-19,12.229999542236328,45.349998474121094
2017-10-18,12.1899995803833,45.119998931884766
2017-10-17,12.270000457763672,45.02000045776367
2017-10-16,12.119999885559082,45.7599983215332
2017-10-13,12.050000190734863,45.880001068115234
2017-10-12,12.119999885559082,44.88999938964844
2017-10-11,12.380000114440918,45.470001220703125
2017-10-10,12.390000343322754,45.209999084472656
2017-10-09,12.34000015258789,45.33000183105469
2017-10-06,12.3100004196167,44.93000030517578
2017-10-05,12.25,43.849998474121094
2017-10-04,12.300000190734863,43.779998779296875
2017-10-03,12.34000015258789,43.45000076293945
2017-10-02,12.09000015258789,42.150001525878906
2017-09-29,11.970000267028809,40.380001068115234
2017-09-28,11.960000038146973,40.58000183105469
2017-09-27,11.949999809265137,40.58000183105469
2017-09-26,11.930000305175781,40.2599983215332
2017-09-25,11.9399995803833,40.29999923706055
2017-09-22,11.84000015258789,39.41999816894531
2017-09-21,11.720000267028809,39.099998474121094
2017-09-20,11.710000038146973,38.880001068115234
2017-09-19,11.720000267028809,38.70000076293945
2017-09-18,11.630000114440918,38.59000015258789
2017-09-15,11.619999885559082,38.880001068115234
2017-09-14,11.5600004196167,38.790000915527344
2017-09-13,11.619999885559082,38.209999084472656
2017-09-12,11.59000015258789,37.88999938964844
2017-09-11,11.40999984741211,37.349998474121094
2017-09-08,11.359999656677246,37
2017-09-07,11.399999618530273,36.90999984741211
2017-09-06,11.5,37.66999816894531
2017-09-05,11.359999656677246,37.22999954223633
2017-09-01,11.350000381469727,37.36000061035156
2017-08-31,11.029999732971191,36.540000915527344
2017-08-30,10.9399995803833,35.81999969482422
2017-08-29,10.84000015258789,35.52000045776367
2017-08-28,10.789999961853027,35.5099983215332
2017-08-25,10.819999694824219,35.599998474121094
2017-08-24,10.710000038146973,35.52000045776367
2017-08-23,10.710000038146973,35.4900016784668
2017-08-22,10.649999618530273,35.29999923706055
2017-08-21,10.569999694824219,34.90999984741211
2017-08-18,10.5600004196167,34.83000183105469
2017-08-17,10.640000343322754,35
2017-08-16,10.800000190734863,35.75
2017-08-15,10.84000015258789,35.540000915527344
2017-08-14,10.90999984741211,35.470001220703125
2017-08-11,10.770000457763672,34.93000030517578
2017-08-10,10.770000457763672,34.880001068115234
2017-08-09,10.920000076293945,35.279998779296875
2017-08-08,10.890000343322754,35.38999938964844
2017-08-07,10.920000076293945,35.29999923706055
2017-08-04,10.949999809265137,35.27000045776367
2017-08-03,10.930000305175781,34.77000045776367
2017-08-02,11,34.81999969482422
2017-08-01,10.949999809265137,34.7599983215332
2017-07-31,11.220000267028809,35.97999954223633
2017-07-28,11.170000076293945,35.77000045776367
2017-07-27,11.180000305175781,35.939998626708984
2017-07-26,11.0600004196167,35.619998931884766
2017-07-25,11.270000457763672,35.56999969482422
2017-07-24,11.289999961853027,35.81999969482422
2017-07-21,11.529999732971191,36.06999969482422
2017-07-20,11.699999809265137,36.40999984741211
2017-07-19,11.829999923706055,36.470001220703125
2017-07-18,11.75,36.43000030517578
2017-07-17,11.739999771118164,36.380001068115234
2017-07-14,11.680000305175781,36.349998474121094
2017-07-13,11.600000381469727,35.86000061035156
2017-07-12,11.470000267028809,35.5
2017-07-11,11.380000114440918,35.400001525878906
2017-07-10,11.34000015258789,35.189998626708984
2017-07-07,11.260000228881836,34.939998626708984
2017-07-06,11.180000305175781,34.869998931884766
2017-07-05,11.300000190734863,35.0099983215332
2017-07-03,11.5600004196167,35.56999969482422
2017-06-30,11.1899995803833,34.93000030517578
2017-06-29,11.170000076293945,34.86000061035156
2017-06-28,11.09000015258789,34.58000183105469
2017-06-27,11.079999923706055,34.209999084472656
2017-06-26,11.180000305175781,34.52000045776367
2017-06-23,11.039999961853027,34.20000076293945
2017-06-22,11.130000114440918,34.189998626708984
2017-06-21,11.039999961853027,34.130001068115234
2017-06-20,11.119999885559082,34.400001525878906
2017-06-19,11.239999771118164,34.349998474121094
2017-06-16,11.220000267028809,34.290000915527344
2017-06-15,11.239999771118164,34.599998474121094
2017-06-14,11.220000267028809,34.61000061035156
2017-06-13,11.270000457763672,34.5099983215332
2017-06-12,11.279999732971191,34.68000030517578
2017-06-09,11.130000114440918,34.34000015258789
2017-06-08,11.100000381469727,34.11000061035156
2017-06-07,11.069999694824219,34.34000015258789
2017-06-06,11.119999885559082,34.43000030517578
2017-06-05,11.25,34.459999084472656
2017-06-02,11.350000381469727,34.45000076293945
2017-06-01,11.40999984741211,34.43000030517578
2017-05-31,11.119999885559082,33.93000030517578
2017-05-30,11.079999923706055,33.529998779296875
2017-05-26,10.930000305175781,33.06999969482422
2017-05-25,10.859999656677246,32.599998474121094
2017-05-24,10.960000038146973,33.20000076293945
2017-05-23,11.050000190734863,33.220001220703125
2017-05-22,11.100000381469727,32.91999816894531
2017-05-19,10.869999885559082,32.720001220703125
2017-05-18,10.789999961853027,32.470001220703125
2017-05-17,10.760000228881836,32.41999816894531
2017-05-16,10.9399995803833,33.41999816894531
2017-05-15,10.9399995803833,33.81999969482422
2017-05-12,10.920000076293945,33.619998931884766
2017-05-11,11.010000228881836,34.11000061035156
2017-05-10,11.039999961853027,34.22999954223633
2017-05-09,11.15999984741211,34.2599983215332
2017-05-08,11.130000114440918,33.970001220703125
2017-05-05,11.140000343322754,33.77000045776367
2017-05-04,11,33.150001525878906
2017-05-03,11.069999694824219,33.47999954223633
2017-05-02,10.920000076293945,33.20000076293945
2017-05-01,11.420000076293945,34.20000076293945
2017-04-28,11.470000267028809,34.63999938964844
2017-04-27,11.470000267028809,34.540000915527344
2017-04-26,11.600000381469727,34.380001068115234
2017-04-25,11.479999542236328,33.9900016784668
2017-04-24,11.430000305175781,33.90999984741211
2017-04-21,11.34000015258789,33.75
2017-04-20,11.470000267028809,34.099998474121094
2017-04-19,11.1899995803833,33.790000915527344
2017-04-18,11.140000343322754,33.689998626708984
2017-04-17,11.279999732971191,33.900001525878906
2017-04-13,11.109999656677246,33.38999938964844
2017-04-12,11.229999542236328,33.939998626708984
2017-04-11,11.279999732971191,33.91999816894531
2017-04-10,11.25,33.970001220703125
2017-04-07,11.229999542236328,33.709999084472656
2017-04-06,11.270000457763672,34.15999984741211
2017-04-05,11.260000228881836,34
2017-04-04,11.369999885559082,34.27000045776367
2017-04-03,11.4399995803833,34.16999816894531
2017-03-31,11.640000343322754,35.36000061035156
2017-03-30,11.680000305175781,35.40999984741211
2017-03-29,11.680000305175781,35.540000915527344
2017-03-28,11.649999618530273,35.560001373291016
2017-03-27,11.460000038146973,34.709999084472656
2017-03-24,11.619999885559082,34.560001373291016
2017-03-23,11.670000076293945,34.2599983215332
2017-03-22,11.770000457763672,34.38999938964844
2017-03-21,11.720000267028809,34.54999923706055
2017-03-20,12.279999732971191,35.709999084472656
2017-03-17,12.479999542236328,36.33000183105469
2017-03-16,12.699999809265137,37.08000183105469
2017-03-15,12.649999618530273,37.09000015258789
2017-03-14,12.550000190734863,36.959999084472656
2017-03-13,12.539999961853027,36.869998931884766
2017-03-10,12.529999732971191,36.83000183105469
2017-03-09,12.5,36.83000183105469
2017-03-08,12.529999732971191,37.27000045776367
2017-03-07,12.460000038146973,37.52000045776367
2017-03-06,12.520000457763672,37.90999984741211
2017-03-03,12.649999618530273,38.22999954223633
2017-03-02,12.65999984741211,37.7599983215332
2017-03-01,12.6899995803833,37.43000030517578
2017-02-28,12.529999732971191,36.84000015258789
2017-02-27,12.65999984741211,37.27000045776367
2017-02-24,12.470000267028809,36.900001525878906
2017-02-23,12.5600004196167,37.25
2017-02-22,12.670000076293945,37.84000015258789
2017-02-21,12.6899995803833,37.810001373291016
2017-02-17,12.579999923706055,37.220001220703125
2017-02-16,12.539999961853027,37.029998779296875
2017-02-15,12.630000114440918,37.08000183105469
2017-02-14,12.649999618530273,37.2400016784668
2017-02-13,12.5600004196167,35.52000045776367
2017-02-10,12.510000228881836,35.16999816894531
2017-02-09,12.380000114440918,35.08000183105469
2017-02-08,12.380000114440918,35.13999938964844
2017-02-07,12.34000015258789,35.099998474121094
2017-02-06,12.520000457763672,36.83000183105469
2017-02-03,12.5600004196167,36.33000183105469
2017-02-02,12.279999732971191,35.72999954223633
2017-02-01,12.319999694824219,36.13999938964844
2017-01-31,12.359999656677246,36.61000061035156
2017-01-30,12.369999885559082,36.33000183105469
2017-01-27,12.489999771118164,37.0099983215332
2017-01-26,12.369999885559082,37.52000045776367
2017-01-25,12.789999961853027,38.279998779296875
2017-01-24,12.609999656677246,37
2017-01-23,12.3100004196167,36.650001525878906
2017-01-20,12.359999656677246,37.0099983215332
2017-01-19,12.430000305175781,37.29999923706055
2017-01-18,12.40999984741211,37.470001220703125
2017-01-17,12.609999656677246,37.310001373291016
2017-01-13,12.630000114440918,37.34000015258789
2017-01-12,12.59000015258789,37.5099983215332
2017-01-11,12.670000076293945,37.95000076293945
2017-01-10,12.850000381469727,37.349998474121094
2017-01-09,12.630000114440918,36.0099983215332
2017-01-06,12.760000228881836,35.9900016784668
2017-01-05,12.770000457763672,36.38999938964844
2017-01-04,13.170000076293945,37.09000015258789
2017-01-03,12.59000015258789,35.150001525878906
2016-12-30,12.130000114440918,34.84000015258789
2016-12-29,12.229999542236328,35.13999938964844
2016-12-28,12.25,35.150001525878906
2016-12-27,12.390000343322754,35.540000915527344
2016-12-23,12.460000038146973,35.689998626708984
2016-12-22,12.399999618530273,35.689998626708984
2016-12-21,12.640000343322754,36.41999816894531
2016-12-20,12.779999732971191,36.61000061035156
2016-12-19,12.65999984741211,36.400001525878906
2016-12-16,12.630000114440918,36.369998931884766
2016-12-15,12.579999923706055,36.2400016784668
2016-12-14,12.529999732971191,35.95000076293945
2016-12-13,12.770000457763672,37.36000061035156
2016-12-12,12.819999694824219,37.099998474121094
2016-12-09,13.170000076293945,37.65999984741211
2016-12-08,13.029999732971191,36.41999816894531
2016-12-07,13.0600004196167,36.29999923706055
2016-12-06,12.5600004196167,35.06999969482422
2016-12-05,12.4399995803833,34.939998626708984
2016-12-02,12.239999771118164,35.40999984741211
2016-12-01,12.430000305175781,36.43000030517578
2016-11-30,11.960000038146973,34.529998779296875
2016-11-29,11.920000076293945,34.56999969482422
2016-11-28,11.920000076293945,34.04999923706055
2016-11-25,12.039999961853027,34.25
2016-11-23,11.899999618530273,33.86000061035156
2016-11-22,11.890000343322754,33.810001373291016
2016-11-21,11.789999961853027,33.0099983215332
2016-11-18,11.760000228881836,33
2016-11-17,11.869999885559082,33.41999816894531
2016-11-16,12,33.22999954223633
2016-11-15,12.039999961853027,33.43000030517578
2016-11-14,12.0600004196167,33.279998779296875
2016-11-11,12.279999732971191,34.02000045776367
2016-11-10,11.9399995803833,32.72999954223633
2016-11-09,11.579999923706055,30.959999084472656
2016-11-08,11.479999542236328,31.729999542236328
2016-11-07,11.579999923706055,32.02000045776367
2016-11-04,11.34000015258789,31.15999984741211
2016-11-03,11.350000381469727,31.06999969482422
2016-11-02,11.399999618530273,31.450000762939453
2016-11-01,11.609999656677246,31.479999542236328
2016-10-31,11.739999771118164,31.600000381469727
2016-10-28,11.720000267028809,31.31999969482422
2016-10-27,11.739999771118164,31.329999923706055
2016-10-26,11.880000114440918,31.579999923706055
2016-10-25,11.850000381469727,31.600000381469727
2016-10-24,12.1899995803833,32.97999954223633
2016-10-21,12.020000457763672,32.040000915527344
2016-10-20,11.970000267028809,31.75
2016-10-19,12.010000228881836,31.850000381469727
2016-10-18,11.890000343322754,31.399999618530273
2016-10-17,11.880000114440918,31.559999465942383
2016-10-14,11.90999984741211,31.8700008392334
2016-10-13,11.90999984741211,31.510000228881836
2016-10-12,11.960000038146973,31.68000030517578
2016-10-11,11.989999771118164,31.889999389648438
2016-10-10,12.119999885559082,32.150001525878906
2016-10-07,12.289999961853027,32.34000015258789
2016-10-06,12.390000343322754,32.529998779296875
2016-10-05,12.479999542236328,32.68000030517578
2016-10-04,12.199999809265137,32.16999816894531
2016-10-03,12.100000381469727,32.040000915527344
2016-09-30,12.069999694824219,31.770000457763672
2016-09-29,11.970000267028809,31.479999542236328
2016-09-28,12.09000015258789,31.899999618530273
2016-09-27,11.979999542236328,31.600000381469727
2016-09-26,12.010000228881836,31.799999237060547
2016-09-23,12.170000076293945,32.119998931884766
2016-09-22,12.180000305175781,32.38999938964844
2016-09-21,12.09000015258789,32.11000061035156
2016-09-20,12,31.649999618530273
2016-09-19,12.109999656677246,31.719999313354492
2016-09-16,12.109999656677246,30.969999313354492
2016-09-15,12.109999656677246,31.1200008392334
2016-09-14,12.140000343322754,30.709999084472656
2016-09-13,12.380000114440918,30.940000534057617
2016-09-12,12.699999809265137,31.18000030517578
2016-09-09,12.380000114440918,30.479999542236328
2016-09-08,12.729999542236328,31.709999084472656
2016-09-07,12.699999809265137,31.889999389648438
2016-09-06,12.670000076293945,32.119998931884766
2016-09-02,12.5,32.15999984741211
2016-09-01,12.4399995803833,31.799999237060547
2016-08-31,12.600000381469727,31.920000076293945
2016-08-30,12.550000190734863,31.670000076293945
2016-08-29,12.470000267028809,31.809999465942383
2016-08-26,12.380000114440918,31.530000686645508
2016-08-25,12.470000267028809,31.540000915527344
2016-08-24,12.300000190734863,31.780000686645508
2016-08-23,12.420000076293945,31.899999618530273
2016-08-22,12.359999656677246,31.8700008392334
2016-08-19,12.390000343322754,31.829999923706055
2016-08-18,12.329999923706055,31.549999237060547
2016-08-17,12.390000343322754,31.850000381469727
2016-08-16,12.34000015258789,31.709999084472656
2016-08-15,12.430000305175781,31.860000610351563
2016-08-12,12.329999923706055,31.56999969482422
2016-08-11,12.3100004196167,31.75
2016-08-10,12.25,31.25
2016-08-09,12.3100004196167,31.06999969482422
2016-08-08,12.180000305175781,30.8799991607666
2016-08-05,12.1899995803833,30.799999237060547
2016-08-04,12.079999923706055,30.34000015258789
2016-08-03,12.130000114440918,30.239999771118164
2016-08-02,11.9399995803833,29.93000030517578
2016-08-01,12.479999542236328,31.299999237060547
2016-07-29,12.65999984741211,31.540000915527344
2016-07-28,12.710000038146973,30.989999771118164
2016-07-27,13.84000015258789,32.02000045776367
2016-07-26,13.859999656677246,32.150001525878906
2016-07-25,13.829999923706055,32.060001373291016
2016-07-22,13.84000015258789,32.15999984741211
2016-07-21,13.920000076293945,32.029998779296875
2016-07-20,13.739999771118164,31.489999771118164
2016-07-19,13.649999618530273,31.25
2016-07-18,13.649999618530273,30.8700008392334
2016-07-15,13.569999694824219,30.770000457763672
2016-07-14,13.59000015258789,30.760000228881836
2016-07-13,13.479999542236328,30.6299991607666
2016-07-12,13.449999809265137,30.600000381469727
2016-07-11,13.270000457763672,30.1299991607666
2016-07-08,13.09000015258789,29.65999984741211
2016-07-07,12.75,28.739999771118164
2016-07-06,12.569999694824219,28.399999618530273
2016-07-05,12.399999618530273,28.170000076293945
2016-07-01,12.720000267028809,28.889999389648438
2016-06-30,12.569999694824219,28.299999237060547
2016-06-29,12.550000190734863,28.170000076293945
2016-06-28,12.390000343322754,27.739999771118164
2016-06-27,12.15999984741211,27.510000228881836
2016-06-24,12.520000457763672,28.350000381469727
2016-06-23,13.399999618530273,29.81999969482422
2016-06-22,13.180000305175781,29.31999969482422
2016-06-21,13.220000267028809,29.510000228881836
2016-06-20,13.420000076293945,29.649999618530273
2016-06-17,13.260000228881836,29.229999542236328
2016-06-16,13.119999885559082,29.020000457763672
2016-06-15,13.010000228881836,28.860000610351563
2016-06-14,12.84000015258789,28.829999923706055
2016-06-13,12.979999542236328,29.079999923706055
2016-06-10,13.100000381469727,29.059999465942383
2016-06-09,13.260000228881836,29.360000610351563
2016-06-08,13.359999656677246,29.56999969482422
2016-06-07,13.380000114440918,30.229999542236328
2016-06-06,13.180000305175781,29.989999771118164
2016-06-03,13.039999961853027,29.600000381469727
2016-06-02,13.210000038146973,30.260000228881836
2016-06-01,13.109999656677246,30.219999313354492
2016-05-31,13.489999771118164,31.280000686645508
2016-05-27,13.449999809265137,31.389999389648438
2016-05-26,13.460000038146973,31.290000915527344
2016-05-25,13.520000457763672,31.649999618530273
2016-05-24,13.289999961853027,31.049999237060547
2016-05-23,13.130000114440918,30.59000015258789
2016-05-20,13.1899995803833,30.56999969482422
2016-05-19,13.09000015258789,30.31999969482422
2016-05-18,13.15999984741211,30.75
2016-05-17,13.140000343322754,30.6299991607666
2016-05-16,13.319999694824219,30.670000076293945
2016-05-13,13.220000267028809,30.520000457763672
2016-05-12,13.350000381469727,31.18000030517578
2016-05-11,13.319999694824219,31.079999923706055
2016-05-10,13.489999771118164,31.350000381469727
2016-05-09,13.319999694824219,30.780000686645508
2016-05-06,13.4399995803833,30.959999084472656
2016-05-05,13.319999694824219,30.540000915527344
2016-05-04,13.3100004196167,30.59000015258789
2016-05-03,13.430000305175781,31.25
2016-05-02,13.619999885559082,31.75
2016-04-29,13.5600004196167,31.799999237060547
2016-04-28,14.09000015258789,32.439998626708984
2016-04-27,13.65999984741211,32.15999984741211
2016-04-26,13.75,32.189998626708984
2016-04-25,13.579999923706055,31.950000762939453
2016-04-22,13.609999656677246,32.18000030517578
2016-04-21,13.649999618530273,32.65999984741211
2016-04-20,13.640000343322754,32.189998626708984
2016-04-19,13.4399995803833,31.969999313354492
2016-04-18,13.25,31.309999465942383
2016-04-15,12.9399995803833,30.559999465942383
2016-04-14,13.09000015258789,30.719999313354492
2016-04-13,13.0600004196167,30.780000686645508
2016-04-12,12.8100004196167,29.709999084472656
2016-04-11,12.65999984741211,29.530000686645508
2016-04-08,12.550000190734863,29.3700008392334
2016-04-07,12.520000457763672,29.420000076293945
2016-04-06,12.819999694824219,29.940000534057617
2016-04-05,12.770000457763672,29.600000381469727
2016-04-04,12.800000190734863,29.899999618530273
2016-04-01,13.100000381469727,30.469999313354492
2016-03-31,13.5,31.43000030517578
2016-03-30,13.350000381469727,30.989999771118164
2016-03-29,13.199999809265137,31.190000534057617
2016-03-28,13.09000015258789,31.020000457763672
2016-03-24,13.0600004196167,30.959999084472656
2016-03-23,13.260000228881836,31.309999465942383
2016-03-22,13.59000015258789,31.899999618530273
2016-03-21,13.65999984741211,32.08000183105469
2016-03-18,13.640000343322754,31.959999084472656
2016-03-17,13.470000267028809,31.959999084472656
2016-03-16,13.5,31.690000534057617
2016-03-15,13.229999542236328,31.049999237060547
2016-03-14,13.270000457763672,31.18000030517578
2016-03-11,13.289999961853027,31.260000228881836
2016-03-10,13.149999618530273,30.81999969482422
2016-03-09,13.1899995803833,30.540000915527344
2016-03-08,13.229999542236328,30.68000030517578
2016-03-07,13.619999885559082,31.59000015258789
2016-03-04,13.59000015258789,31.3700008392334
2016-03-03,13.539999961853027,31.06999969482422
2016-03-02,13.220000267028809,30.149999618530273
2016-03-01,13.09000015258789,30.010000228881836
2016-02-29,12.510000228881836,29.440000534057617
2016-02-26,12.470000267028809,29.6299991607666
2016-02-25,12.390000343322754,29.5
2016-02-24,12.079999923706055,28.84000015258789
2016-02-23,12.420000076293945,29.3799991607666
2016-02-22,12.5600004196167,29.6299991607666
2016-02-19,12.100000381469727,28.780000686645508
2016-02-18,12.260000228881836,29.030000686645508
2016-02-17,12.270000457763672,29.270000457763672
2016-02-16,11.869999885559082,28.579999923706055
2016-02-12,11.550000190734863,27.709999084472656
2016-02-11,11.170000076293945,26.899999618530273
2016-02-10,11.34000015258789,27.709999084472656
2016-02-09,11.350000381469727,27.8700008392334
2016-02-08,11.59000015258789,28.68000030517578
2016-02-05,11.449999809265137,28.540000915527344
2016-02-04,11.529999732971191,28.639999389648438
2016-02-03,11.460000038146973,28.920000076293945
2016-02-02,11.510000228881836,29.649999618530273
2016-02-01,12.069999694824219,30.110000610351563
2016-01-29,11.9399995803833,29.639999389648438
2016-01-28,11.710000038146973,29.020000457763672
2016-01-27,11.850000381469727,29.209999084472656
2016-01-26,12.260000228881836,29.649999618530273
2016-01-25,11.979999542236328,29.229999542236328
2016-01-22,12.140000343322754,29.280000686645508
2016-01-21,12.010000228881836,29.549999237060547
2016-01-20,11.899999618530273,29.420000076293945
2016-01-19,11.949999809265137,29.399999618530273
2016-01-15,11.970000267028809,29.56999969482422
2016-01-14,12.1899995803833,30.299999237060547
2016-01-13,12.199999809265137,30.489999771118164
2016-01-12,12.850000381469727,30.299999237060547
2016-01-11,12.770000457763672,30.25
2016-01-08,12.539999961853027,29.530000686645508
2016-01-07,12.699999809265137,29.989999771118164
2016-01-06,13.109999656677246,31.270000457763672
2016-01-05,13.720000267028809,32.43000030517578
2016-01-04,13.970000267028809,33.310001373291016
2015-12-31,14.09000015258789,34.0099983215332
2015-12-30,14.170000076293945,34.33000183105469
2015-12-29,14.229999542236328,34.5
2015-12-28,14.180000305175781,34.5099983215332
2015-12-24,14.3100004196167,34.599998474121094
2015-12-23,14.359999656677246,34.779998779296875
2015-12-22,14.199999809265137,34.290000915527344
2015-12-21,13.729999542236328,33.83000183105469
2015-12-18,13.800000190734863,33.66999816894531
2015-12-17,13.979999542236328,34.11000061035156
2015-12-16,14.359999656677246,35.13999938964844
2015-12-15,13.869999885559082,34.540000915527344
2015-12-14,13.619999885559082,34.38999938964844
2015-12-11,13.640000343322754,34.54999923706055
2015-12-10,13.960000038146973,35.630001068115234
2015-12-09,13.890000343322754,35.45000076293945
2015-12-08,13.970000267028809,35.47999954223633
2015-12-07,14.119999885559082,36.130001068115234
2015-12-04,14.199999809265137,36.25
2015-12-03,13.979999542236328,35.470001220703125
2015-12-02,14.260000228881836,35.72999954223633
2015-12-01,14.5600004196167,36.2599983215332
2015-11-30,14.329999923706055,36.20000076293945
2015-11-27,14.529999732971191,36.369998931884766
2015-11-25,14.550000190734863,36.34000015258789
2015-11-24,14.550000190734863,36.220001220703125
2015-11-23,14.550000190734863,36.08000183105469
2015-11-20,14.600000381469727,36.34000015258789
2015-11-19,14.569999694824219,36.13999938964844
2015-11-18,14.460000038146973,36.459999084472656
2015-11-17,14.149999618530273,35.209999084472656
2015-11-16,14.039999961853027,35.16999816894531
2015-11-13,13.920000076293945,34.310001373291016
2015-11-12,14.039999961853027,35.09000015258789
2015-11-11,14.3100004196167,35.54999923706055
2015-11-10,14.279999732971191,35.619998931884766
2015-11-09,14.329999923706055,35.66999816894531
2015-11-06,14.520000457763672,35.75
2015-11-05,14.569999694824219,35.439998626708984
2015-11-04,14.649999618530273,35.41999816894531
2015-11-03,14.8100004196167,35.779998779296875
2015-11-02,14.75,35.56999969482422
2015-10-30,14.8100004196167,34.90999984741211
2015-10-29,14.729999542236328,34.75
2015-10-28,14.970000267028809,35.220001220703125
2015-10-27,14.890000343322754,34.970001220703125
2015-10-26,15.680000305175781,35.66999816894531
2015-10-23,15.670000076293945,35.95000076293945
2015-10-22,15.579999923706055,35.41999816894531
2015-10-21,15.40999984741211,35.41999816894531
2015-10-20,15.380000114440918,33.47999954223633
2015-10-19,15.359999656677246,33.2400016784668
2015-10-16,15.279999732971191,33.150001525878906
2015-10-15,15.220000267028809,33.31999969482422
2015-10-14,15.010000228881836,33.33000183105469
2015-10-13,14.9399995803833,33.130001068115234
2015-10-12,14.979999542236328,33.02000045776367
2015-10-09,14.970000267028809,32.95000076293945
2015-10-08,14.989999771118164,33.43000030517578
2015-10-07,14.75,33.04999923706055
2015-10-06,14.3100004196167,32.220001220703125
2015-10-05,14.1899995803833,31.760000228881836
2015-10-02,13.989999771118164,31.729999542236328
2015-10-01,13.670000076293945,30.670000076293945
2015-09-30,13.569999694824219,30.020000457763672
2015-09-29,13.149999618530273,29.149999618530273
2015-09-28,13.119999885559082,28.559999465942383
2015-09-25,13.529999732971191,29.40999984741211
2015-09-24,13.649999618530273,29.440000534057617
2015-09-23,13.680000305175781,29.719999313354492
2015-09-22,13.920000076293945,30.030000686645508
2015-09-21,14.319999694824219,30.6200008392334
2015-09-18,14.279999732971191,30.510000228881836
2015-09-17,14.600000381469727,31.309999465942383
2015-09-16,14.640000343322754,31.200000762939453
2015-09-15,14.3100004196167,30.989999771118164
2015-09-14,13.779999732971191,30.719999313354492
2015-09-11,13.710000038146973,30.149999618530273
2015-09-10,13.729999542236328,30
2015-09-09,13.529999732971191,29.6200008392334
2015-09-08,13.670000076293945,29.8799991607666
2015-09-04,13.5600004196167,28.8799991607666
2015-09-03,13.84000015258789,29.110000610351563
2015-09-02,13.869999885559082,29.209999084472656
2015-09-01,13.720000267028809,28.639999389648438
2015-08-31,13.869999885559082,29.440000534057617
2015-08-28,13.739999771118164,29
2015-08-27,13.5600004196167,28.579999923706055
2015-08-26,13.210000038146973,28.100000381469727
2015-08-25,12.899999618530273,27.280000686645508
2015-08-24,13.1899995803833,27.799999237060547
2015-08-21,13.859999656677246,29.600000381469727
2015-08-20,14.430000305175781,30.84000015258789
2015-08-19,14.770000457763672,31.6299991607666
2015-08-18,14.829999923706055,31.709999084472656
2015-08-17,14.680000305175781,31.610000610351563
2015-08-14,14.779999732971191,31.489999771118164
2015-08-13,14.710000038146973,31.059999465942383
2015-08-12,14.680000305175781,30.8700008392334
2015-08-11,14.699999809265137,30.829999923706055
2015-08-10,14.989999771118164,31.940000534057617
2015-08-07,14.800000190734863,31.739999771118164
2015-08-06,14.829999923706055,31.860000610351563
2015-08-05,14.800000190734863,31.600000381469727
2015-08-04,14.90999984741211,31.520000457763672
2015-08-03,14.9399995803833,31.68000030517578
2015-07-31,14.829999923706055,31.510000228881836
2015-07-30,15.100000381469727,31.90999984741211
2015-07-29,15.210000038146973,31.950000762939453
2015-07-28,14.829999923706055,31.31999969482422
2015-07-27,14.550000190734863,31.049999237060547
2015-07-24,14.390000343322754,31.059999465942383
2015-07-23,14.609999656677246,31.5
2015-07-22,14.420000076293945,30.299999237060547
2015-07-21,14.510000228881836,30.389999389648438
2015-07-20,14.569999694824219,30.5
2015-07-17,14.6899995803833,30.649999618530273
2015-07-16,14.569999694824219,30.610000610351563
2015-07-15,14.75,31.43000030517578
2015-07-14,14.8100004196167,31.770000457763672
2015-07-13,14.640000343322754,31.68000030517578
2015-07-10,14.479999542236328,31.399999618530273
2015-07-09,14.329999923706055,31.010000228881836
2015-07-08,14.369999885559082,31.190000534057617
2015-07-07,14.850000381469727,32.86000061035156
2015-07-06,14.789999961853027,32.650001525878906
2015-07-02,14.869999885559082,33.22999954223633
2015-07-01,14.989999771118164,33.040000915527344
2015-06-30,15.010000228881836,33.33000183105469
2015-06-29,15.020000457763672,33.22999954223633
2015-06-26,15.399999618530273,34.380001068115234
2015-06-25,15.4399995803833,34.70000076293945
2015-06-24,15.5,35.15999984741211
2015-06-23,15.289999961853027,36.29999923706055
2015-06-22,15.130000114440918,36.189998626708984
2015-06-19,15.109999656677246,36.11000061035156
2015-06-18,15.140000343322754,36.20000076293945
2015-06-17,15.020000457763672,35.810001373291016
2015-06-16,15,35.61000061035156
2015-06-15,15.050000190734863,35.459999084472656
2015-06-12,15.229999542236328,35.709999084472656
2015-06-11,15.279999732971191,35.54999923706055
2015-06-10,15.029999732971191,35.59000015258789
2015-06-09,14.880000114440918,35.2599983215332
2015-06-08,14.899999618530273,34.9900016784668
2015-06-05,14.779999732971191,35.119998931884766
2015-06-04,15.050000190734863,35.540000915527344
2015-06-03,15.199999809265137,35.939998626708984
2015-06-02,15.260000228881836,36.220001220703125
2015-06-01,15.359999656677246,36.18000030517578
2015-05-29,15.170000076293945,35.970001220703125
2015-05-28,15.289999961853027,36.38999938964844
2015-05-27,15.319999694824219,35.810001373291016
2015-05-26,15.1899995803833,35.52000045776367
2015-05-22,15.270000457763672,35.70000076293945
2015-05-21,15.510000228881836,35.58000183105469
2015-05-20,15.300000190734863,35.02000045776367
2015-05-19,15.5,35.119998931884766
2015-05-18,15.579999923706055,35.04999923706055
2015-05-15,15.479999542236328,34.90999984741211
2015-05-14,15.270000457763672,34.650001525878906
2015-05-13,15.40999984741211,34.79999923706055
2015-05-12,15.5600004196167,34.7400016784668
2015-05-11,15.649999618530273,35.220001220703125
2015-05-08,15.670000076293945,35.31999969482422
2015-05-07,15.510000228881836,34.880001068115234
2015-05-06,15.479999542236328,34.77000045776367
2015-05-05,15.529999732971191,35.0099983215332
2015-05-04,15.779999732971191,35.400001525878906
2015-05-01,15.8100004196167,35.41999816894531
2015-04-30,15.800000190734863,35.060001373291016
2015-04-29,16.020000457763672,35.5099983215332
2015-04-28,16.059999465942383,35.720001220703125
2015-04-27,15.899999618530273,35.779998779296875
2015-04-24,15.770000457763672,35.59000015258789
2015-04-23,15.760000228881836,35.91999816894531
2015-04-22,15.90999984741211,37.15999984741211
2015-04-21,15.819999694824219,37.15999984741211
2015-04-20,15.90999984741211,37.11000061035156
2015-04-17,15.760000228881836,36.63999938964844
2015-04-16,15.9399995803833,37.08000183105469
2015-04-15,16.06999969482422,36.939998626708984
2015-04-14,15.970000267028809,36.47999954223633
2015-04-13,15.869999885559082,36.400001525878906
2015-04-10,16.030000686645508,36.56999969482422
2015-04-09,15.949999809265137,36.290000915527344
2015-04-08,15.979999542236328,36.11000061035156
2015-04-07,15.899999618530273,35.72999954223633
2015-04-06,16,36.65999984741211
2015-04-02,16.030000686645508,36.5
2015-04-01,15.90999984741211,36.7400016784668
2015-03-31,16.139999389648438,37.5
2015-03-30,16.15999984741211,37.68000030517578
2015-03-27,15.979999542236328,37.310001373291016
2015-03-26,16.010000228881836,37.349998474121094
2015-03-25,16.18000030517578,37.380001068115234
2015-03-24,16.559999465942383,37.849998474121094
2015-03-23,16.56999969482422,38.59000015258789
2015-03-20,16.479999542236328,38.869998931884766
2015-03-19,16.34000015258789,38.650001525878906
2015-03-18,16.459999084472656,38.5
2015-03-17,16.389999389648438,38.290000915527344
2015-03-16,16.489999771118164,38.58000183105469
2015-03-13,16.200000762939453,38.04999923706055
2015-03-12,16.170000076293945,38.43000030517578
2015-03-11,15.75,37.779998779296875
2015-03-10,15.720000267028809,37.54999923706055
2015-03-09,16.030000686645508,37.65999984741211
2015-03-06,15.930000305175781,36.84000015258789
2015-03-05,16.110000610351563,37.61000061035156
2015-03-04,16.030000686645508,37.56999969482422
2015-03-03,16.170000076293945,37.79999923706055
2015-03-02,16.56999969482422,37.61000061035156
2015-02-27,16.34000015258789,37.310001373291016
2015-02-26,16.3799991607666,37.560001373291016
2015-02-25,16.510000228881836,37.86000061035156
2015-02-24,16.360000610351563,37.75
2015-02-23,16.3799991607666,37.689998626708984
2015-02-20,16.399999618530273,37.650001525878906
2015-02-19,16.43000030517578,37.5099983215332
2015-02-18,16.209999084472656,37.189998626708984
2015-02-17,16.110000610351563,37.2400016784668
2015-02-13,16.299999237060547,37.619998931884766
2015-02-12,16.360000610351563,38.02000045776367
2015-02-11,16.25,37.66999816894531
2015-02-10,16.09000015258789,37.52000045776367
2015-02-09,15.920000076293945,36
2015-02-06,15.859999656677246,36
2015-02-05,15.850000381469727,36.25
2015-02-04,15.869999885559082,35.83000183105469
2015-02-03,15.649999618530273,33.97999954223633
2015-02-02,15.270000457763672,33.11000061035156
2015-01-30,14.710000038146973,32.619998931884766
2015-01-29,14.850000381469727,33.15999984741211
2015-01-28,14.460000038146973,32.84000015258789
2015-01-27,14.850000381469727,33.41999816894531
2015-01-26,15.079999923706055,33.70000076293945
2015-01-23,14.90999984741211,33.75
2015-01-22,15.029999732971191,33.81999969482422
2015-01-21,14.970000267028809,33.88999938964844
2015-01-20,15.010000228881836,33.93000030517578
2015-01-16,15.020000457763672,33.68000030517578
2015-01-15,14.859999656677246,33.43000030517578
2015-01-14,15.109999656677246,34.29999923706055
2015-01-13,15.210000038146973,35.25
2015-01-12,15.220000267028809,35.84000015258789
2015-01-09,15.210000038146973,35.59000015258789
2015-01-08,15.420000076293945,36.20000076293945
2015-01-07,15.039999961853027,35.84000015258789
2015-01-06,14.619999885559082,34.849998474121094
2015-01-05,14.760000228881836,34.33000183105469
2015-01-02,15.359999656677246,34.84000015258789
2014-12-31,15.5,34.90999984741211
2014-12-30,15.5,35.09000015258789
2014-12-29,15.520000457763672,34.599998474121094
2014-12-26,15.449999809265137,33.72999954223633
2014-12-24,15.300000190734863,33.43000030517578
2014-12-23,15.329999923706055,33.560001373291016
2014-12-22,15.220000267028809,33.22999954223633
2014-12-19,15.029999732971191,32.810001373291016
2014-12-18,14.8100004196167,31.75
2014-12-17,14.449999809265137,31.149999618530273
2014-12-16,14.09000015258789,30.729999542236328
2014-12-15,14.279999732971191,31
2014-12-12,14.989999771118164,31.56999969482422
2014-12-11,15.279999732971191,32.189998626708984
2014-12-10,15.15999984741211,31.969999313354492
2014-12-09,15.430000305175781,32.810001373291016
2014-12-08,15.430000305175781,32.68000030517578
2014-12-05,15.699999809265137,33.93000030517578
2014-12-04,15.8100004196167,33.09000015258789
2014-12-03,16.010000228881836,33.63999938964844
2014-12-02,15.899999618530273,33.2599983215332
2014-12-01,15.770000457763672,32.939998626708984
2014-11-28,15.729999542236328,33.43000030517578
2014-11-26,15.609999656677246,32.06999969482422
2014-11-25,15.680000305175781,32.22999954223633
2014-11-24,15.670000076293945,32.189998626708984
2014-11-21,15.430000305175781,32.130001068115234
2014-11-20,15.460000038146973,32.130001068115234
2014-11-19,15.4399995803833,32.150001525878906
2014-11-18,15.5,32.27000045776367
2014-11-17,15.539999961853027,32.310001373291016
2014-11-14,15.140000343322754,31.790000915527344
2014-11-13,14.930000305175781,31.649999618530273
2014-11-12,14.579999923706055,31.420000076293945
2014-11-11,14.369999885559082,31.350000381469727
2014-11-10,14,31.1200008392334
2014-11-07,14.170000076293945,31.59000015258789
2014-11-06,14.1899995803833,31.3700008392334
2014-11-05,13.9399995803833,30.729999542236328
2014-11-04,13.949999809265137,30.81999969482422
2014-11-03,13.989999771118164,31.18000030517578
2014-10-31,14.09000015258789,31.399999618530273
2014-10-30,13.949999809265137,30.780000686645508
2014-10-29,13.90999984741211,30.719999313354492
2014-10-28,14.15999984741211,31.170000076293945
2014-10-27,13.819999694824219,30.079999923706055
2014-10-24,13.779999732971191,30.040000915527344
2014-10-23,14.399999618530273,30.93000030517578
2014-10-22,14.130000114440918,31.309999465942383
2014-10-21,14.260000228881836,30.84000015258789
2014-10-20,14.170000076293945,30.34000015258789
2014-10-17,14.020000457763672,30.239999771118164
2014-10-16,13.979999542236328,29.940000534057617
2014-10-15,13.619999885559082,29.690000534057617
2014-10-14,13.779999732971191,30.110000610351563
2014-10-13,13.539999961853027,29.790000915527344
2014-10-10,13.789999961853027,30.290000915527344
2014-10-09,13.84000015258789,31.030000686645508
2014-10-08,14.210000038146973,32.18000030517578
2014-10-07,14.100000381469727,31.770000457763672
2014-10-06,14.520000457763672,33.75
2014-10-03,14.59000015258789,33.7599983215332
2014-10-02,14.5600004196167,33.18000030517578
2014-10-01,14.59000015258789,32.4900016784668
2014-09-30,14.789999961853027,31.940000534057617
2014-09-29,15.109999656677246,32.220001220703125
2014-09-26,16.329999923706055,33.16999816894531
2014-09-25,16.200000762939453,32.869998931884766
2014-09-24,16.40999984741211,33.650001525878906
2014-09-23,16.170000076293945,33.220001220703125
2014-09-22,16.360000610351563,33.439998626708984
2014-09-19,16.649999618530273,33.939998626708984
2014-09-18,16.579999923706055,34.029998779296875
2014-09-17,16.530000686645508,33.849998474121094
2014-09-16,16.520000457763672,33.709999084472656
2014-09-15,16.469999313354492,33.630001068115234
2014-09-12,16.59000015258789,33.27000045776367
2014-09-11,16.65999984741211,33.61000061035156
2014-09-10,16.6299991607666,33.290000915527344
2014-09-09,16.6299991607666,33.06999969482422
2014-09-08,16.799999237060547,33.2400016784668
2014-09-05,17.139999389648438,34.58000183105469
2014-09-04,17.270000457763672,34.630001068115234
2014-09-03,17.469999313354492,34.470001220703125
2014-09-02,17.600000381469727,34.79999923706055
2014-08-29,17.40999984741211,34.79999923706055
2014-08-28,17.420000076293945,34.68000030517578
2014-08-27,17.360000610351563,34.709999084472656
2014-08-26,17.190000534057617,34.849998474121094
2014-08-25,17.229999542236328,34.66999816894531
2014-08-22,17.170000076293945,34.2400016784668
2014-08-21,17.399999618530273,34.599998474121094
2014-08-20,17.40999984741211,34.529998779296875
2014-08-19,17.360000610351563,34.56999969482422
2014-08-18,17.43000030517578,34.400001525878906
2014-08-15,17.309999465942383,33.84000015258789
2014-08-14,17.43000030517578,33.95000076293945
2014-08-13,17.420000076293945,33.95000076293945
2014-08-12,17.209999084472656,33.70000076293945
2014-08-11,17.170000076293945,33.79999923706055
2014-08-08,17.09000015258789,33.529998779296875
2014-08-07,16.81999969482422,33.11000061035156
2014-08-06,16.979999542236328,33.400001525878906
2014-08-05,16.8700008392334,33.36000061035156
2014-08-04,17.020000457763672,33.61000061035156
2014-08-01,16.809999465942383,33.439998626708984
2014-07-31,17.020000457763672,33.81999969482422
2014-07-30,17.459999084472656,34.310001373291016
2014-07-29,17.56999969482422,34.45000076293945
2014-07-28,17.639999389648438,34.900001525878906
2014-07-25,17.6200008392334,35.06999969482422
2014-07-24,17.84000015258789,35.7400016784668
2014-07-23,17.780000686645508,37.40999984741211
2014-07-22,17.81999969482422,37.7599983215332
2014-07-21,17.700000762939453,37.43000030517578
2014-07-18,17.719999313354492,37.40999984741211
2014-07-17,17.739999771118164,37.099998474121094
2014-07-16,17.799999237060547,37.47999954223633
2014-07-15,17.540000915527344,37.58000183105469
2014-07-14,17.549999237060547,37.70000076293945
2014-07-11,17.469999313354492,37.95000076293945
2014-07-10,17.299999237060547,37.75
2014-07-09,17.43000030517578,37.970001220703125
2014-07-08,17.110000610351563,37.58000183105469
2014-07-07,17.31999969482422,37.439998626708984
2014-07-03,17.31999969482422,37.7400016784668
2014-07-02,17.219999313354492,37.7400016784668
2014-07-01,17.209999084472656,37.59000015258789
2014-06-30,17.239999771118164,36.29999923706055
2014-06-27,17.280000686645508,36.619998931884766
2014-06-26,17.200000762939453,36.900001525878906
2014-06-25,17.200000762939453,37.09000015258789
2014-06-24,16.969999313354492,36.58000183105469
2014-06-23,16.8799991607666,36.66999816894531
2014-06-20,16.670000076293945,36.220001220703125
2014-06-19,16.780000686645508,36.369998931884766
2014-06-18,16.829999923706055,36.29999923706055
2014-06-17,16.790000915527344,36.36000061035156
2014-06-16,16.6299991607666,36.060001373291016
2014-06-13,16.559999465942383,35.630001068115234
2014-06-12,16.520000457763672,35.52000045776367
2014-06-11,16.899999618530273,36.119998931884766
2014-06-10,17.010000228881836,36.400001525878906
2014-06-09,17,36.5
2014-06-06,17.079999923706055,36.54999923706055
2014-06-05,16.68000030517578,36.27000045776367
2014-06-04,16.790000915527344,36.52000045776367
2014-06-03,16.549999237060547,35.2599983215332
2014-06-02,16.440000534057617,34.86000061035156
2014-05-30,16.440000534057617,34.58000183105469
2014-05-29,16.540000915527344,34.45000076293945
2014-05-28,16.309999465942383,34.59000015258789
2014-05-27,16.15999984741211,33.939998626708984
2014-05-23,16.020000457763672,33.630001068115234
2014-05-22,15.90999984741211,33.41999816894531
2014-05-21,15.90999984741211,33.459999084472656
2014-05-20,15.770000457763672,33.06999969482422
2014-05-19,15.920000076293945,34.25
2014-05-16,15.760000228881836,34
2014-05-15,15.6899995803833,34.36000061035156
2014-05-14,15.75,34.939998626708984
2014-05-13,15.859999656677246,35.150001525878906
2014-05-12,15.84000015258789,34.81999969482422
2014-05-09,15.770000457763672,34.22999954223633
2014-05-08,15.8100004196167,34.849998474121094
2014-05-07,15.460000038146973,35.06999969482422
2014-05-06,15.5600004196167,34.75
2014-05-05,15.739999771118164,34.75
2014-05-02,15.899999618530273,34.970001220703125
2014-05-01,15.90999984741211,34.900001525878906
2014-04-30,16.149999618530273,34.47999954223633
2014-04-29,16.1200008392334,33.9900016784668
2014-04-28,15.970000267028809,33.7599983215332
2014-04-25,15.779999732971191,33.720001220703125
2014-04-24,16.31999969482422,34.16999816894531
2014-04-23,16.229999542236328,34.38999938964844
2014-04-22,16.100000381469727,34.22999954223633
2014-04-21,15.979999542236328,33.97999954223633
2014-04-17,16,33.97999954223633
2014-04-16,16.06999969482422,33.970001220703125
2014-04-15,15.84000015258789,33.36000061035156
2014-04-14,15.699999809265137,32.54999923706055
2014-04-11,15.630000114440918,31.93000030517578
2014-04-10,15.630000114440918,33.29999923706055
2014-04-09,15.84000015258789,33.619998931884766
2014-04-08,16.100000381469727,34.529998779296875
2014-04-07,15.9399995803833,34.11000061035156
2014-04-04,16.1299991607666,34.810001373291016
2014-04-03,16.389999389648438,35.439998626708984
2014-04-02,16.459999084472656,34.880001068115234
2014-04-01,16.31999969482422,34.34000015258789
2014-03-31,15.600000381469727,34.41999816894531
2014-03-28,15.449999809265137,34.72999954223633
2014-03-27,15.25,34.5099983215332
2014-03-26,15.25,34.220001220703125
2014-03-25,15.329999923706055,34.5099983215332
2014-03-24,15.390000343322754,35.13999938964844
2014-03-21,15.470000267028809,35.0099983215332
2014-03-20,15.550000190734863,35.2599983215332
2014-03-19,15.479999542236328,34.90999984741211
2014-03-18,15.489999771118164,35.16999816894531
2014-03-17,15.279999732971191,34.630001068115234
2014-03-14,15.079999923706055,34.09000015258789
2014-03-13,15.180000305175781,34.09000015258789
2014-03-12,15.399999618530273,34.86000061035156
2014-03-11,15.300000190734863,35.18000030517578
2014-03-10,15.510000228881836,37.09000015258789
2014-03-07,15.619999885559082,37.689998626708984
2014-03-06,15.670000076293945,37.540000915527344
2014-03-05,15.630000114440918,37.52000045776367
2014-03-04,15.369999885559082,36.93000030517578
2014-03-03,15.199999809265137,36.209999084472656
2014-02-28,15.390000343322754,36.20000076293945
2014-02-27,15.390000343322754,36.77000045776367
2014-02-26,15.260000228881836,36.83000183105469
2014-02-25,15.149999618530273,36.099998474121094
2014-02-24,15.180000305175781,36.54999923706055
2014-02-21,15.15999984741211,36.689998626708984
2014-02-20,15.270000457763672,36.5099983215332
2014-02-19,15.25,36.029998779296875
2014-02-18,15.390000343322754,36.310001373291016
2014-02-14,15.239999771118164,35.95000076293945
2014-02-13,15.079999923706055,35.20000076293945
2014-02-12,15,35.560001373291016
2014-02-11,14.960000038146973,35.25
2014-02-10,14.84000015258789,34.900001525878906
2014-02-07,14.970000267028809,36.11000061035156
2014-02-06,14.850000381469727,35.22999954223633
2014-02-05,14.729999542236328,35.2400016784668
2014-02-04,14.869999885559082,35.81999969482422
2014-02-03,14.550000190734863,35.25
2014-01-31,14.960000038146973,36.08000183105469
2014-01-30,15.25,36.84000015258789
2014-01-29,15.260000228881836,36.349998474121094
2014-01-28,15.720000267028809,36.810001373291016
2014-01-27,15.710000038146973,36.7599983215332
2014-01-24,15.829999923706055,36.83000183105469
2014-01-23,16.43000030517578,38.41999816894531
2014-01-22,16.549999237060547,38.79999923706055
2014-01-21,16.40999984741211,38.34000015258789
2014-01-17,16.520000457763672,38.599998474121094
2014-01-16,16.729999542236328,39
2014-01-15,16.700000762939453,39.380001068115234
2014-01-14,16.399999618530273,40.02000045776367
2014-01-13,16.110000610351563,39.58000183105469
2014-01-10,16.06999969482422,40.029998779296875
2014-01-09,15.84000015258789,40.4900016784668
2014-01-08,15.539999961853027,40.41999816894531
2014-01-07,15.380000114440918,40.20000076293945
2014-01-06,15.579999923706055,40.400001525878906
2014-01-03,15.510000228881836,39.56999969482422
2014-01-02,15.4399995803833,40.95000076293945
2013-12-31,15.430000305175781,40.869998931884766
2013-12-30,15.279999732971191,40.689998626708984
2013-12-27,15.300000190734863,40.939998626708984
2013-12-26,15.329999923706055,41.52000045776367
2013-12-24,15.1899995803833,40.880001068115234
2013-12-23,15.149999618530273,41.290000915527344
2013-12-20,15.420000076293945,40.9900016784668
2013-12-19,15.300000190734863,40.29999923706055
2013-12-18,15.649999618530273,41.27000045776367
2013-12-17,16.700000762939453,41.529998779296875
2013-12-16,16.860000610351563,41.439998626708984
2013-12-13,16.59000015258789,40.040000915527344
2013-12-12,16.389999389648438,40.04999923706055
2013-12-11,16.40999984741211,40.15999984741211
2013-12-10,16.530000686645508,40.400001525878906
2013-12-09,16.559999465942383,40.900001525878906
2013-12-06,16.700000762939453,40.16999816894531
2013-12-05,16.739999771118164,39.09000015258789
2013-12-04,16.6200008392334,38.709999084472656
2013-12-03,16.559999465942383,38.13999938964844
2013-12-02,17.059999465942383,39.11000061035156
2013-11-29,17.079999923706055,38.72999954223633
2013-11-27,17.030000686645508,38.849998474121094
2013-11-26,16.8700008392334,37.66999816894531
2013-11-25,16.940000534057617,37.54999923706055
2013-11-22,17.010000228881836,37.630001068115234
2013-11-21,17.09000015258789,38.119998931884766
2013-11-20,16.920000076293945,37.689998626708984
2013-11-19,16.8700008392334,38.0099983215332
2013-11-18,16.979999542236328,38.56999969482422
2013-11-15,17.06999969482422,38.77000045776367
2013-11-14,17.09000015258789,38.5
2013-11-13,17.100000381469727,38.439998626708984
2013-11-12,16.719999313354492,36.65999984741211
2013-11-11,16.889999389648438,36.68000030517578
2013-11-08,16.850000381469727,36.65999984741211
2013-11-07,16.549999237060547,35.91999816894531
2013-11-06,16.90999984741211,36.59000015258789
2013-11-05,17.09000015258789,37.09000015258789
2013-11-04,17,37.470001220703125
2013-11-01,16.889999389648438,37.38999938964844
2013-10-31,17.110000610351563,36.95000076293945
2013-10-30,17.34000015258789,37.22999954223633
2013-10-29,17.610000610351563,36.060001373291016
2013-10-28,17.56999969482422,35.79999923706055
2013-10-25,17.600000381469727,35.59000015258789
2013-10-24,17.760000228881836,35.630001068115234
2013-10-23,17.520000457763672,35.04999923706055
2013-10-22,17.600000381469727,35.40999984741211
2013-10-21,17.5,35.5
2013-10-18,17.530000686645508,35.88999938964844
2013-10-17,17.459999084472656,35.65999984741211
2013-10-16,17.290000915527344,35.130001068115234
2013-10-15,16.969999313354492,34.70000076293945
2013-10-14,17.18000030517578,35.33000183105469
2013-10-11,17.110000610351563,35.349998474121094
2013-10-10,16.93000030517578,34.849998474121094
2013-10-09,16.6200008392334,34.15999984741211
2013-10-08,16.5,34.209999084472656
2013-10-07,16.809999465942383,35.18000030517578
2013-10-04,17.09000015258789,35.70000076293945
2013-10-03,16.950000762939453,35.290000915527344
2013-10-02,17.209999084472656,35.939998626708984
2013-10-01,17.190000534057617,35.90999984741211
2013-09-30,16.8700008392334,35.970001220703125
2013-09-27,17.049999237060547,36.369998931884766
2013-09-26,17.270000457763672,36.95000076293945
2013-09-25,17.190000534057617,37.18000030517578
2013-09-24,17.260000228881836,37.439998626708984
2013-09-23,17.200000762939453,37.130001068115234
2013-09-20,17.389999389648438,36.83000183105469
2013-09-19,17.65999984741211,37.22999954223633
2013-09-18,17.6299991607666,37.58000183105469
2013-09-17,17.440000534057617,36.709999084472656
2013-09-16,17.350000381469727,36.220001220703125
2013-09-13,17.350000381469727,36.060001373291016
2013-09-12,17.389999389648438,36.369998931884766
2013-09-11,17.540000915527344,36.349998474121094
2013-09-10,17.549999237060547,37
2013-09-09,17.309999465942383,36.47999954223633
2013-09-06,17,36.150001525878906
2013-09-05,17.299999237060547,36.33000183105469
2013-09-04,16.90999984741211,35.849998474121094
2013-09-03,16.34000015258789,34.13999938964844
2013-08-30,16.190000534057617,34.08000183105469
2013-08-29,16.5,34.45000076293945
2013-08-28,16.020000457763672,33.91999816894531
2013-08-27,15.880000114440918,33.689998626708984
2013-08-26,16.40999984741211,34.91999816894531
2013-08-23,16.450000762939453,35.060001373291016
2013-08-22,16.40999984741211,34.9900016784668
2013-08-21,16.25,34.529998779296875
2013-08-20,16.309999465942383,34.790000915527344
2013-08-19,16.1200008392334,34.4900016784668
2013-08-16,16.299999237060547,34.380001068115234
2013-08-15,16.43000030517578,34.54999923706055
2013-08-14,16.889999389648438,35.56999969482422
2013-08-13,17.059999465942383,35.84000015258789
2013-08-12,17.06999969482422,35.97999954223633
2013-08-09,17.020000457763672,36.02000045776367
2013-08-08,16.979999542236328,36.0099983215332
2013-08-07,16.770000457763672,35.47999954223633
2013-08-06,17.030000686645508,35.959999084472656
2013-08-05,17.190000534057617,36.75
2013-08-02,17.5,36.95000076293945
2013-08-01,17.190000534057617,36.470001220703125
2013-07-31,16.8799991607666,35.869998931884766
2013-07-30,17.079999923706055,36.5
2013-07-29,17.079999923706055,36.380001068115234
2013-07-26,17.020000457763672,36.66999816894531
2013-07-25,16.959999084472656,37.08000183105469
2013-07-24,17.3700008392334,37.13999938964844
2013-07-23,16.940000534057617,36.61000061035156
2013-07-22,17.040000915527344,36.7599983215332
2013-07-19,16.760000228881836,36.61000061035156
2013-07-18,16.93000030517578,36.84000015258789
2013-07-17,16.780000686645508,36.36000061035156
2013-07-16,16.600000381469727,36.18000030517578
2013-07-15,17.1200008392334,36.5
2013-07-12,17.110000610351563,36.400001525878906
2013-07-11,16.979999542236328,36.13999938964844
2013-07-10,16.719999313354492,35.33000183105469
2013-07-09,16.84000015258789,34.91999816894531
2013-07-08,16.809999465942383,34.63999938964844
2013-07-05,16.700000762939453,34.66999816894531
2013-07-03,16.43000030517578,34.13999938964844
2013-07-02,16.18000030517578,34.099998474121094
2013-07-01,15.739999771118164,34
2013-06-28,15.470000267028809,33.310001373291016
2013-06-27,15.649999618530273,33.099998474121094
2013-06-26,15.289999961853027,32.54999923706055
2013-06-25,14.970000267028809,31.81999969482422
2013-06-24,14.670000076293945,31.420000076293945
2013-06-21,15,32.209999084472656
2013-06-20,14.819999694824219,32.560001373291016
2013-06-19,15.319999694824219,33.65999984741211
2013-06-18,15.649999618530273,34.0099983215332
2013-06-17,15.550000190734863,33.72999954223633
2013-06-14,15.369999885559082,34.290000915527344
2013-06-13,15.579999923706055,34.5
2013-06-12,15.369999885559082,33.45000076293945
2013-06-11,15.510000228881836,33.93000030517578
2013-06-10,15.710000038146973,34.7400016784668
2013-06-07,15.729999542236328,35.029998779296875
2013-06-06,15.4399995803833,34.439998626708984
2013-06-05,15.25,34.02000045776367
2013-06-04,15.779999732971191,34.959999084472656
2013-06-03,15.890000343322754,34.41999816894531
2013-05-31,15.680000305175781,33.88999938964844
2013-05-30,15.899999618530273,34.63999938964844
2013-05-29,15.630000114440918,34.04999923706055
2013-05-28,15.279999732971191,33.959999084472656
2013-05-24,14.789999961853027,32.869998931884766
2013-05-23,14.8100004196167,32.849998474121094
2013-05-22,14.970000267028809,33.22999954223633
2013-05-21,14.949999809265137,33.400001525878906
2013-05-20,15.050000190734863,33.70000076293945
2013-05-17,15.079999923706055,33.41999816894531
2013-05-16,14.640000343322754,32.38999938964844
2013-05-15,14.670000076293945,32.310001373291016
2013-05-14,14.270000457763672,31.549999237060547
2013-05-13,14.010000228881836,31
2013-05-10,14.109999656677246,31.420000076293945
2013-05-09,14.199999809265137,31.649999618530273
2013-05-08,14.210000038146973,32.08000183105469
2013-05-07,14.1899995803833,31.649999618530273
2013-05-06,14.09000015258789,31.81999969482422
2013-05-03,13.829999923706055,32.099998474121094
2013-05-02,13.40999984741211,31.15999984741211
2013-05-01,13.380000114440918,30.18000030517578
2013-04-30,13.710000038146973,30.84000015258789
2013-04-29,13.65999984741211,30.790000915527344
2013-04-26,13.670000076293945,30.5
2013-04-25,13.470000267028809,30.709999084472656
2013-04-24,13.329999923706055,30.450000762939453
2013-04-23,13.359999656677246,29.850000381469727
2013-04-22,13.0600004196167,29.25
2013-04-19,12.930000305175781,29.149999618530273
2013-04-18,12.75,28.979999542236328
2013-04-17,12.930000305175781,29.270000457763672
2013-04-16,13.119999885559082,29.469999313354492
2013-04-15,12.949999809265137,28.90999984741211
2013-04-12,13.529999732971191,29.6200008392334
2013-04-11,13.550000190734863,29.719999313354492
2013-04-10,13.119999885559082,28.3700008392334
2013-04-09,12.800000190734863,27.530000686645508
2013-04-08,12.779999732971191,27.59000015258789
2013-04-05,12.4399995803833,27.520000457763672
2013-04-04,12.649999618530273,27.739999771118164
2013-04-03,12.680000305175781,27.799999237060547
2013-04-02,13.010000228881836,27.93000030517578
2013-04-01,12.899999618530273,27.799999237060547
2013-03-28,13.149999618530273,27.81999969482422
2013-03-27,13.220000267028809,28.059999465942383
2013-03-26,13.3100004196167,28.149999618530273
2013-03-25,13.289999961853027,28.15999984741211
2013-03-22,13.260000228881836,28.219999313354492
2013-03-21,13.260000228881836,28.6299991607666
2013-03-20,13.359999656677246,29.200000762939453
2013-03-19,13.15999984741211,28.100000381469727
2013-03-18,13.260000228881836,28.040000915527344
2013-03-15,13.449999809265137,28.209999084472656
2013-03-14,13.430000305175781,28.15999984741211
2013-03-13,13.399999618530273,28.06999969482422
2013-03-12,13.390000343322754,28.3700008392334
2013-03-11,13.34000015258789,28.309999465942383
2013-03-08,12.979999542236328,28
2013-03-07,12.829999923706055,27.8799991607666
2013-03-06,12.890000343322754,27.90999984741211
2013-03-05,12.869999885559082,27.579999923706055
2013-03-04,12.75,27.09000015258789
2013-03-01,12.609999656677246,27.209999084472656
2013-02-28,12.609999656677246,27.149999618530273
2013-02-27,12.760000228881836,27.399999618530273
2013-02-26,12.34000015258789,26.829999923706055
2013-02-25,12.130000114440918,26.329999923706055
2013-02-22,12.479999542236328,27.110000610351563
2013-02-21,12.390000343322754,26.510000228881836
2013-02-20,12.600000381469727,27.100000381469727
2013-02-19,12.989999771118164,27.68000030517578
2013-02-15,13.020000457763672,27.760000228881836
2013-02-14,13.109999656677246,27.75
2013-02-13,13.039999961853027,28.670000076293945
2013-02-12,13.079999923706055,28.549999237060547
2013-02-11,13.109999656677246,28.530000686645508
2013-02-08,13.100000381469727,28.56999969482422
2013-02-07,13.069999694824219,28.469999313354492
2013-02-06,13.199999809265137,28.520000457763672
2013-02-05,13.180000305175781,28.59000015258789
2013-02-04,12.880000114440918,27.959999084472656
2013-02-01,13.020000457763672,28.170000076293945
2013-01-31,12.949999809265137,28.09000015258789
2013-01-30,12.930000305175781,27.940000534057617
2013-01-29,13.140000343322754,28.450000762939453
2013-01-28,13.779999732971191,28.829999923706055
2013-01-25,13.680000305175781,29.06999969482422
2013-01-24,13.869999885559082,28.780000686645508
2013-01-23,13.880000114440918,28.56999969482422
2013-01-22,14.170000076293945,28.6299991607666
2013-01-18,14.109999656677246,29.280000686645508
2013-01-17,14.220000267028809,29.489999771118164
2013-01-16,14.220000267028809,29.309999465942383
2013-01-15,14.300000190734863,30.600000381469727
2013-01-14,13.989999771118164,30.329999923706055
2013-01-11,14,30.360000610351563
2013-01-10,13.829999923706055,30.440000534057617
2013-01-09,13.470000267028809,29.969999313354492
2013-01-08,13.350000381469727,29.3700008392334
2013-01-07,13.430000305175781,29.65999984741211
2013-01-04,13.569999694824219,29.860000610351563
2013-01-03,13.460000038146973,29.81999969482422
2013-01-02,13.199999809265137,29.1299991607666
2012-12-31,12.949999809265137,28.829999923706055
2012-12-28,12.869999885559082,27.850000381469727
2012-12-27,12.760000228881836,27.959999084472656
2012-12-26,12.789999961853027,27.6200008392334
2012-12-24,12.399999618530273,27.65999984741211
2012-12-21,11.859999656677246,27.31999969482422
2012-12-20,11.770000457763672,27.34000015258789
2012-12-19,11.729999542236328,27.18000030517578
2012-12-18,11.670000076293945,25.489999771118164
2012-12-17,11.390000343322754,24.850000381469727
2012-12-14,11.100000381469727,24.610000610351563
2012-12-13,11.270000457763672,25.1200008392334
2012-12-12,11.470000267028809,25.6299991607666
2012-12-11,11.489999771118164,25.450000762939453
2012-12-10,11.470000267028809,25.280000686645508
2012-12-07,11.479999542236328,25.190000534057617
2012-12-06,11.239999771118164,24.56999969482422
2012-12-05,11.3100004196167,25
2012-12-04,11.3100004196167,25.40999984741211
2012-12-03,11.40999984741211,25.510000228881836
2012-11-30,11.449999809265137,25.8799991607666
2012-11-29,11.529999732971191,26.09000015258789
2012-11-28,11.25,25.280000686645508
2012-11-27,11.100000381469727,25.010000228881836
2012-11-26,11.109999656677246,25.229999542236328
2012-11-23,11.100000381469727,25.209999084472656
2012-11-21,10.920000076293945,24.600000381469727
2012-11-20,10.850000381469727,24.600000381469727
2012-11-19,10.829999923706055,24.93000030517578
2012-11-16,10.5,23.850000381469727
2012-11-15,10.569999694824219,23.8799991607666
2012-11-14,10.670000076293945,24.170000076293945
2012-11-13,11,24.81999969482422
2012-11-12,10.970000267028809,25.260000228881836
2012-11-09,10.930000305175781,25.040000915527344
2012-11-08,10.899999618530273,24.719999313354492
2012-11-07,11.0600004196167,25.030000686645508
2012-11-06,11.420000076293945,26.190000534057617
2012-11-05,11.25,25.56999969482422
2012-11-02,11.170000076293945,25.790000915527344
2012-11-01,11.25,25.68000030517578
2012-10-31,11.15999984741211,25.5
2012-10-26,10.359999656677246,23.280000686645508
2012-10-25,10.390000343322754,23.6299991607666
2012-10-24,10.170000076293945,23.690000534057617
2012-10-23,10,23.8700008392334
2012-10-22,10.170000076293945,24.6200008392334
2012-10-19,10.180000305175781,24.59000015258789
2012-10-18,10.430000305175781,25.559999465942383
2012-10-17,10.40999984741211,25.059999465942383
2012-10-16,10.300000190734863,24.790000915527344
2012-10-15,10.220000267028809,24.479999542236328
2012-10-12,10.119999885559082,24.440000534057617
2012-10-11,10.140000343322754,24.65999984741211
2012-10-10,9.979999542236328,24.229999542236328
2012-10-09,10.100000381469727,24.3700008392334
2012-10-08,10.050000190734863,24.56999969482422
2012-10-05,10.15999984741211,24.799999237060547
2012-10-04,10.109999656677246,24.649999618530273
2012-10-03,9.9399995803833,24.389999389648438
2012-10-02,9.789999961853027,23.68000030517578
2012-10-01,9.930000305175781,23.09000015258789
2012-09-28,9.859999656677246,22.75
2012-09-27,10.020000457763672,23.18000030517578
2012-09-26,10.010000228881836,23.389999389648438
2012-09-25,10.09000015258789,23.520000457763672
2012-09-24,10.319999694824219,24.360000610351563
2012-09-21,10.399999618530273,24.799999237060547
2012-09-20,10.4399995803833,24.420000076293945
2012-09-19,10.59000015258789,24.75
2012-09-18,10.420000076293945,24.43000030517578
2012-09-17,10.390000343322754,23.799999237060547
2012-09-14,10.529999732971191,24.139999389648438
2012-09-13,10.34000015258789,23.530000686645508
2012-09-12,10.210000038146973,23.1299991607666
2012-09-11,10.149999618530273,22.969999313354492
2012-09-10,10.109999656677246,22.979999542236328
2012-09-07,10.140000343322754,23.3700008392334
2012-09-06,9.920000076293945,22.450000762939453
2012-09-05,9.569999694824219,21.760000228881836
2012-09-04,9.40999984741211,21.309999465942383
2012-08-31,9.34000015258789,21.350000381469727
2012-08-30,9.3100004196167,21.110000610351563
2012-08-29,9.319999694824219,21.299999237060547
2012-08-28,9.34000015258789,20.940000534057617
2012-08-27,9.390000343322754,21.219999313354492
2012-08-24,9.489999771118164,21.18000030517578
2012-08-23,9.449999809265137,21.34000015258789
2012-08-22,9.489999771118164,21.729999542236328
2012-08-21,9.529999732971191,21.6299991607666
2012-08-20,9.630000114440918,21.8700008392334
2012-08-17,9.630000114440918,22.010000228881836
2012-08-16,9.59000015258789,21.329999923706055
2012-08-15,9.489999771118164,20.139999389648438
2012-08-14,9.4399995803833,20.209999084472656
2012-08-13,9.399999618530273,20.469999313354492
2012-08-10,9.350000381469727,20.540000915527344
2012-08-09,9.34000015258789,20.649999618530273
2012-08-08,9.350000381469727,20.3799991607666
2012-08-07,9.3100004196167,20.420000076293945
2012-08-06,9.149999618530273,19.850000381469727
2012-08-03,9.09000015258789,20.040000915527344
2012-08-02,8.920000076293945,19.139999389648438
2012-08-01,9.039999961853027,19.65999984741211
2012-07-31,9.239999771118164,19.709999084472656
2012-07-30,9.100000381469727,19.360000610351563
2012-07-27,9,19.670000076293945
2012-07-26,8.960000038146973,19.110000610351563
2012-07-25,8.970000267028809,18.799999237060547
2012-07-24,9.0600004196167,19.020000457763672
2012-07-23,9.170000076293945,19.299999237060547
2012-07-20,9.210000038146973,19.360000610351563
2012-07-19,9.350000381469727,20.139999389648438
2012-07-18,9.380000114440918,20.06999969482422
2012-07-17,9.34000015258789,19.600000381469727
2012-07-16,9.260000228881836,19.3799991607666
2012-07-13,9.270000457763672,19.6200008392334
2012-07-12,9.130000114440918,19.329999923706055
2012-07-11,9.329999923706055,19.899999618530273
2012-07-10,9.350000381469727,19.799999237060547
2012-07-09,9.449999809265137,20.219999313354492
2012-07-06,9.5,20.309999465942383
2012-07-05,9.569999694824219,20.540000915527344
2012-07-03,9.600000381469727,20.670000076293945
2012-07-02,9.390000343322754,19.56999969482422
2012-06-29,9.59000015258789,19.719999313354492
2012-06-28,10.09000015258789,19.81999969482422
2012-06-27,10.020000457763672,19.65999984741211
2012-06-26,10.010000228881836,19.850000381469727
2012-06-25,10.010000228881836,19.90999984741211
2012-06-22,10.1899995803833,20.600000381469727
2012-06-21,10.270000457763672,20.639999389648438
2012-06-20,10.649999618530273,21.479999542236328
2012-06-19,10.5600004196167,21.739999771118164
2012-06-18,10.34000015258789,21.43000030517578
2012-06-15,10.350000381469727,21.739999771118164
2012-06-14,10.40999984741211,21.799999237060547
2012-06-13,10.300000190734863,21.8700008392334
2012-06-12,10.5,22.170000076293945
2012-06-11,10.449999809265137,21.920000076293945
2012-06-08,10.65999984741211,22.049999237060547
2012-06-07,10.550000190734863,21.850000381469727
2012-06-06,10.569999694824219,21.829999923706055
2012-06-05,10.1899995803833,21.25
2012-06-04,10.039999961853027,21.110000610351563
2012-06-01,10.119999885559082,22.010000228881836
2012-05-31,10.5600004196167,22.200000762939453
2012-05-30,10.65999984741211,22.3700008392334
2012-05-29,10.84000015258789,22.850000381469727
2012-05-25,10.600000381469727,22.440000534057617
2012-05-24,10.59000015258789,22.040000915527344
2012-05-23,10.40999984741211,22.1299991607666
2012-05-22,10.1899995803833,21.5
2012-05-21,10.199999809265137,21.540000915527344
2012-05-18,10.010000228881836,21.18000030517578
2012-05-17,10.010000228881836,21.610000610351563
2012-05-16,10.15999984741211,21.90999984741211
2012-05-15,10.149999618530273,21.420000076293945
2012-05-14,10.319999694824219,21.6299991607666
2012-05-11,10.579999923706055,22
2012-05-10,10.710000038146973,22.3700008392334
2012-05-09,10.6899995803833,22.440000534057617
2012-05-08,10.609999656677246,22.229999542236328
2012-05-07,10.65999984741211,22.40999984741211
2012-05-04,10.670000076293945,22.360000610351563
2012-05-03,10.920000076293945,22.3700008392334
2012-05-02,11.100000381469727,22.93000030517578
2012-05-01,11.229999542236328,23.309999465942383
2012-04-30,11.279999732971191,23
2012-04-27,11.600000381469727,23.530000686645508
2012-04-26,11.869999885559082,23.719999313354492
2012-04-25,11.729999542236328,23.309999465942383
2012-04-24,11.390000343322754,22.889999389648438
2012-04-23,11.350000381469727,22.950000762939453
2012-04-20,11.40999984741211,23.600000381469727
2012-04-19,11.65999984741211,24.010000228881836
2012-04-18,11.789999961853027,24.149999618530273
2012-04-17,11.90999984741211,24.040000915527344
2012-04-16,11.880000114440918,23.420000076293945
2012-04-13,11.920000076293945,23.799999237060547
2012-04-12,12.069999694824219,24.299999237060547
2012-04-11,11.90999984741211,24.030000686645508
2012-04-10,11.789999961853027,23.709999084472656
2012-04-09,12.220000267028809,24.200000762939453
2012-04-05,12.470000267028809,24.809999465942383
2012-04-04,12.510000228881836,25.100000381469727
2012-04-03,12.640000343322754,25.540000915527344
2012-04-02,12.619999885559082,26.760000228881836
2012-03-30,12.479999542236328,25.649999618530273
2012-03-29,12.5,25.309999465942383
2012-03-28,12.319999694824219,25.149999618530273
2012-03-27,12.319999694824219,25.350000381469727
2012-03-26,12.479999542236328,25.579999923706055
2012-03-23,12.319999694824219,25.170000076293945
2012-03-22,12.319999694824219,25.049999237060547
2012-03-21,12.569999694824219,25.290000915527344
2012-03-20,12.539999961853027,25.09000015258789
2012-03-19,12.630000114440918,25.389999389648438
2012-03-16,12.510000228881836,25.56999969482422
2012-03-15,12.899999618530273,26.049999237060547
2012-03-14,12.880000114440918,26.31999969482422
2012-03-13,12.699999809265137,26.06999969482422
2012-03-12,12.430000305175781,25.389999389648438
2012-03-09,12.579999923706055,25.6200008392334
2012-03-08,12.460000038146973,25.450000762939453
2012-03-07,12.239999771118164,24.8799991607666
2012-03-06,12.09000015258789,24.579999923706055
2012-03-05,12.460000038146973,26
2012-03-02,12.720000267028809,26.450000762939453
2012-03-01,12.65999984741211,26.469999313354492
2012-02-29,12.380000114440918,26.020000457763672
2012-02-28,12.25,26.139999389648438
2012-02-27,12.300000190734863,26.459999084472656
2012-02-24,12.229999542236328,26.06999969482422
2012-02-23,12.399999618530273,26.790000915527344
2012-02-22,12.279999732971191,26.549999237060547
2012-02-21,12.529999732971191,27.059999465942383
2012-02-17,12.75,27.34000015258789
2012-02-16,12.739999771118164,27.170000076293945
2012-02-15,12.380000114440918,24.93000030517578
2012-02-14,12.479999542236328,25.399999618530273
2012-02-13,12.539999961853027,25.34000015258789
2012-02-10,12.4399995803833,25.5
2012-02-09,12.6899995803833,25.739999771118164
2012-02-08,12.84000015258789,25.75
2012-02-07,12.880000114440918,26.219999313354492
2012-02-06,12.960000038146973,26.700000762939453
2012-02-03,12.789999961853027,26.18000030517578
2012-02-02,12.260000228881836,24.309999465942383
2012-02-01,12.329999923706055,24.3700008392334
2012-01-31,12.420000076293945,24.020000457763672
2012-01-30,12.289999961853027,24.229999542236328
2012-01-27,12.210000038146973,24.3700008392334
2012-01-26,12.789999961853027,24.719999313354492
2012-01-25,12.930000305175781,24.920000076293945
2012-01-24,12.819999694824219,24.790000915527344
2012-01-23,12.65999984741211,24.920000076293945
2012-01-20,12.59000015258789,25
2012-01-19,12.609999656677246,24.81999969482422
2012-01-18,12.34000015258789,24.510000228881836
2012-01-17,12.020000457763672,24.200000762939453
2012-01-13,12.039999961853027,24.290000915527344
2012-01-12,12.140000343322754,24.670000076293945
2012-01-11,12.069999694824219,24.469999313354492
2012-01-10,11.800000190734863,23.239999771118164
2012-01-09,11.800000190734863,22.84000015258789
2012-01-06,11.710000038146973,22.920000076293945
2012-01-05,11.59000015258789,22.170000076293945
2012-01-04,11.300000190734863,21.149999618530273
2012-01-03,11.130000114440918,21.049999237060547
2011-12-30,10.760000228881836,20.270000457763672
2011-12-29,10.680000305175781,20.209999084472656
2011-12-28,10.520000457763672,19.860000610351563
2011-12-27,10.8100004196167,20.09000015258789
2011-12-23,10.949999809265137,20.5
2011-12-22,10.9399995803833,20.700000762939453
2011-12-21,10.65999984741211,20.31999969482422
2011-12-20,10.329999923706055,19.690000534057617
2011-12-19,10.020000457763672,19.049999237060547
2011-12-16,10.25,20.149999618530273
2011-12-15,10.25,20.100000381469727
2011-12-14,10.149999618530273,19.469999313354492
2011-12-13,10.479999542236328,20.110000610351563
2011-12-12,10.850000381469727,20.799999237060547
2011-12-09,11.029999732971191,21.149999618530273
2011-12-08,10.75,20.979999542236328
2011-12-07,11.079999923706055,21.940000534057617
2011-12-06,11.050000190734863,21.68000030517578
2011-12-05,11.109999656677246,21.59000015258789
2011-12-02,10.899999618530273,21.280000686645508
2011-12-01,10.59000015258789,20.959999084472656
2011-11-30,10.600000381469727,21.290000915527344
2011-11-29,9.989999771118164,20.309999465942383
2011-11-28,10,20.739999771118164
2011-11-25,9.75,20.34000015258789
2011-11-23,9.829999923706055,20.239999771118164
2011-11-22,10.09000015258789,20.729999542236328
2011-11-21,10.050000190734863,21.049999237060547
2011-11-18,10.100000381469727,21.68000030517578
2011-11-17,10.170000076293945,21.790000915527344
2011-11-16,10.5600004196167,22.649999618530273
2011-11-15,10.869999885559082,23.350000381469727
2011-11-14,11.020000457763672,22.989999771118164
2011-11-11,11.140000343322754,22.510000228881836
2011-11-10,10.989999771118164,22.700000762939453
2011-11-09,11.039999961853027,22.309999465942383
2011-11-08,11.609999656677246,25.040000915527344
2011-11-07,11.220000267028809,24.010000228881836
2011-11-04,11.270000457763672,23.610000610351563
2011-11-03,11.319999694824219,24.030000686645508
2011-11-02,11.149999618530273,23.200000762939453
2011-11-01,11.079999923706055,23.329999923706055
2011-10-31,11.680000305175781,25.850000381469727
2011-10-28,12,26.450000762939453
2011-10-27,12.079999923706055,26.31999969482422
2011-10-26,11.869999885559082,24.989999771118164
2011-10-25,12.430000305175781,24.860000610351563
2011-10-24,12.510000228881836,24.979999542236328
2011-10-21,12.260000228881836,24.350000381469727
2011-10-20,11.699999809265137,22.959999084472656
2011-10-19,11.5600004196167,23.09000015258789
2011-10-18,11.779999732971191,23.540000915527344
2011-10-17,11.399999618530273,23.18000030517578
2011-10-14,11.5600004196167,24.15999984741211
2011-10-13,11.34000015258789,23.149999618530273
2011-10-12,11.380000114440918,23.40999984741211
2011-10-11,11.239999771118164,22.5
2011-10-10,11.210000038146973,22.6200008392334
2011-10-07,10.6899995803833,22.010000228881836
2011-10-06,10.989999771118164,22.350000381469727
2011-10-05,10.5600004196167,22.270000457763672
2011-10-04,10.079999923706055,21.420000076293945
2011-10-03,9.369999885559082,19.729999542236328
2011-09-30,9.670000076293945,20.18000030517578
2011-09-29,10,20.760000228881836
2011-09-28,9.930000305175781,20.40999984741211
2011-09-27,10.119999885559082,21.190000534057617
2011-09-26,10.079999923706055,21.079999923706055
2011-09-23,9.859999656677246,21
2011-09-22,9.619999885559082,20.239999771118164
2011-09-21,9.970000267028809,21.280000686645508
2011-09-20,10.420000076293945,22.43000030517578
2011-09-19,10.539999961853027,23.049999237060547
2011-09-16,10.619999885559082,22.610000610351563
2011-09-15,10.630000114440918,22.700000762939453
2011-09-14,10.319999694824219,22.18000030517578
2011-09-13,10.170000076293945,22
2011-09-12,10.109999656677246,21.8700008392334
2011-09-09,10.050000190734863,21.760000228881836
2011-09-08,10.34000015258789,22.479999542236328
2011-09-07,10.5600004196167,22.860000610351563
2011-09-06,10.220000267028809,21.440000534057617
2011-09-02,10.420000076293945,22.06999969482422
2011-09-01,10.850000381469727,23.030000686645508
2011-08-31,11.119999885559082,24.030000686645508
2011-08-30,10.869999885559082,23.579999923706055
2011-08-29,10.930000305175781,23.790000915527344
2011-08-26,10.399999618530273,22.8700008392334
2011-08-25,10.279999732971191,22.299999237060547
2011-08-24,10.449999809265137,22.3700008392334
2011-08-23,10.3100004196167,22.059999465942383
2011-08-22,10.010000228881836,21.709999084472656
2011-08-19,9.989999771118164,22.15999984741211
2011-08-18,10.380000114440918,23.600000381469727
2011-08-17,11.109999656677246,24.940000534057617
2011-08-16,11.220000267028809,25.829999923706055
2011-08-15,11.350000381469727,26.420000076293945
2011-08-12,11.0600004196167,25.75
2011-08-11,10.9399995803833,25.809999465942383
2011-08-10,10.40999984741211,23.920000076293945
2011-08-09,10.90999984741211,25.540000915527344
2011-08-08,9.930000305175781,24.56999969482422
2011-08-05,10.84000015258789,26.309999465942383
2011-08-04,10.859999656677246,25.989999771118164
2011-08-03,11.649999618530273,27.170000076293945
2011-08-02,11.850000381469727,27.049999237060547
2011-08-01,12.350000381469727,28.06999969482422
2011-07-29,12.210000038146973,27.68000030517578
2011-07-28,12.319999694824219,28.100000381469727
2011-07-27,12.369999885559082,28.139999389648438
2011-07-26,12.9399995803833,29.09000015258789
2011-07-25,13.170000076293945,29.5
2011-07-22,13.3100004196167,30.100000381469727
2011-07-21,13.279999732971191,29.959999084472656
2011-07-20,13.079999923706055,29.239999771118164
2011-07-19,13.09000015258789,29.329999923706055
2011-07-18,12.899999618530273,29.100000381469727
2011-07-15,13.09000015258789,29.760000228881836
2011-07-14,13.09000015258789,30.100000381469727
2011-07-13,13.270000457763672,30.75
2011-07-12,13.119999885559082,30.68000030517578
2011-07-11,13.319999694824219,30.75
2011-07-08,13.880000114440918,31.579999923706055
2011-07-07,14.119999885559082,31.799999237060547
2011-07-06,13.960000038146973,31.190000534057617
2011-07-05,14.100000381469727,30.860000610351563
2011-07-01,14.020000457763672,30.579999923706055
2011-06-30,13.789999961853027,30.360000610351563
2011-06-29,13.420000076293945,30.299999237060547
2011-06-28,13.329999923706055,30.5
2011-06-27,13.460000038146973,30.260000228881836
2011-06-24,13.239999771118164,29.920000076293945
2011-06-23,13.470000267028809,30.139999389648438
2011-06-22,13.359999656677246,29.969999313354492
2011-06-21,13.319999694824219,29.59000015258789
2011-06-20,12.9399995803833,29.520000457763672
2011-06-17,12.770000457763672,29
2011-06-16,12.829999923706055,28.59000015258789
2011-06-15,13.149999618530273,28.950000762939453
2011-06-14,13.430000305175781,29.110000610351563
2011-06-13,13.140000343322754,28.59000015258789
2011-06-10,13.350000381469727,28.850000381469727
2011-06-09,13.800000190734863,29.450000762939453
2011-06-08,13.699999809265137,28.860000610351563
2011-06-07,13.949999809265137,28.780000686645508
2011-06-06,13.90999984741211,28.559999465942383
2011-06-03,14.010000228881836,29.1200008392334
2011-06-02,14.180000305175781,29.600000381469727
2011-06-01,14.229999542236328,30.229999542236328
2011-05-31,14.920000076293945,31.809999465942383
2011-05-27,14.600000381469727,31.280000686645508
2011-05-26,14.5600004196167,30.68000030517578
2011-05-25,14.579999923706055,31.270000457763672
2011-05-24,14.65999984741211,30.829999923706055
2011-05-23,14.800000190734863,30.959999084472656
2011-05-20,15,31.18000030517578
2011-05-19,15.119999885559082,31.469999313354492
2011-05-18,15.119999885559082,31.520000457763672
2011-05-17,14.970000267028809,31.100000381469727
2011-05-16,15.130000114440918,31.100000381469727
2011-05-13,15.079999923706055,31.06999969482422
2011-05-12,15.260000228881836,31.420000076293945
2011-05-11,15.149999618530273,31.299999237060547
2011-05-10,15.149999618530273,31.610000610351563
2011-05-09,15.079999923706055,31.389999389648438
2011-05-06,15.109999656677246,31.90999984741211
2011-05-05,15.079999923706055,32.02000045776367
2011-05-04,15.149999618530273,33.040000915527344
2011-05-03,15.380000114440918,32.9900016784668
2011-05-02,15.449999809265137,32.18000030517578
2011-04-29,15.470000267028809,32.09000015258789
2011-04-28,15.5,31.90999984741211
2011-04-27,15.579999923706055,31.780000686645508
2011-04-26,15.65999984741211,31.270000457763672
2011-04-25,15.539999961853027,31.139999389648438
2011-04-21,15.430000305175781,30.950000762939453
2011-04-20,15.09000015258789,29.93000030517578
2011-04-19,14.65999984741211,29.59000015258789
2011-04-18,14.619999885559082,29.969999313354492
2011-04-15,14.710000038146973,30.239999771118164
2011-04-14,14.8100004196167,30.579999923706055
2011-04-13,14.979999542236328,30.860000610351563
2011-04-12,14.90999984741211,31.149999618530273
2011-04-11,14.859999656677246,30.770000457763672
2011-04-08,15.329999923706055,31.520000457763672
2011-04-07,15.529999732971191,32.310001373291016
2011-04-06,15.729999542236328,32.869998931884766
2011-04-05,15.789999961853027,32.869998931884766
2011-04-04,15.550000190734863,32.38999938964844
2011-04-01,15.15999984741211,32.40999984741211
2011-03-31,14.90999984741211,31.030000686645508
2011-03-30,14.859999656677246,31.549999237060547
2011-03-29,14.84000015258789,31.100000381469727
2011-03-28,14.859999656677246,30.850000381469727
2011-03-25,15.010000228881836,31.469999313354492
2011-03-24,15.039999961853027,31.389999389648438
2011-03-23,14.3100004196167,31.15999984741211
2011-03-22,14.34000015258789,30.739999771118164
2011-03-21,14.59000015258789,31.280000686645508
2011-03-18,14.489999771118164,31.850000381469727
2011-03-17,14.260000228881836,31.440000534057617
2011-03-16,14.180000305175781,31.780000686645508
2011-03-15,14.670000076293945,32.349998474121094
2011-03-14,14.300000190734863,31.59000015258789
2011-03-11,14.359999656677246,31.93000030517578
2011-03-10,14.0600004196167,31.420000076293945
2011-03-09,14.289999961853027,32.25
2011-03-08,14.470000267028809,32.720001220703125
2011-03-07,14.010000228881836,31.700000762939453
2011-03-04,14.420000076293945,32.38999938964844
2011-03-03,14.760000228881836,33.029998779296875
2011-03-02,14.65999984741211,32.880001068115234
2011-03-01,14.65999984741211,32.95000076293945
2011-02-28,15.050000190734863,33.529998779296875
2011-02-25,15.069999694824219,33.25
2011-02-24,14.699999809265137,33.02000045776367
2011-02-23,14.859999656677246,34.59000015258789
2011-02-22,15.229999542236328,35.77000045776367
2011-02-18,15.770000457763672,36.5099983215332
2011-02-17,15.970000267028809,36.369998931884766
2011-02-16,16.049999237060547,36.75
2011-02-15,16.100000381469727,36.11000061035156
2011-02-14,16.09000015258789,36.290000915527344
2011-02-11,16.3799991607666,36.45000076293945
2011-02-10,15.949999809265137,35.880001068115234
2011-02-09,16.09000015258789,36.40999984741211
2011-02-08,16.239999771118164,36.88999938964844
2011-02-07,16.110000610351563,36.70000076293945
2011-02-04,15.720000267028809,36.59000015258789
2011-02-03,15.760000228881836,36.060001373291016
2011-02-02,15.399999618530273,35.68000030517578
2011-02-01,15.890000343322754,36.45000076293945
2011-01-31,15.949999809265137,36.4900016784668
2011-01-28,16.270000457763672,36.599998474121094
2011-01-27,18.790000915527344,38.66999816894531
2011-01-26,18.3700008392334,37.88999938964844
2011-01-25,17.889999389648438,38.400001525878906
2011-01-24,17.93000030517578,37.63999938964844
2011-01-21,17.950000762939453,37.2400016784668
2011-01-20,17.780000686645508,37.18000030517578
2011-01-19,17.899999618530273,37.400001525878906
2011-01-18,18.700000762939453,38.029998779296875
2011-01-14,18.649999618530273,38.20000076293945
2011-01-13,18.68000030517578,38.27000045776367
2011-01-12,18.709999084472656,38.619998931884766
2011-01-11,18.280000686645508,38.75
2011-01-10,18.309999465942383,38.560001373291016
2011-01-07,18.270000457763672,38.97999954223633
2011-01-06,18.219999313354492,38.900001525878906
2011-01-05,17.889999389648438,38.06999969482422
2011-01-04,17.3799991607666,37.900001525878906
2011-01-03,17.25,37.060001373291016
2010-12-31,16.790000915527344,36.86000061035156
2010-12-30,16.690000534057617,36.81999969482422
2010-12-29,16.739999771118164,36.02000045776367
2010-12-28,16.729999542236328,35.31999969482422
2010-12-27,16.8700008392334,34.599998474121094
2010-12-23,16.780000686645508,34.810001373291016
2010-12-22,16.989999771118164,34.91999816894531
2010-12-21,16.989999771118164,33.849998474121094
2010-12-20,16.850000381469727,33.7599983215332
2010-12-17,16.799999237060547,34
2010-12-16,16.770000457763672,33.61000061035156
2010-12-15,16.549999237060547,33.61000061035156
2010-12-14,16.420000076293945,33.88999938964844
2010-12-13,16.469999313354492,33.79999923706055
2010-12-10,16.729999542236328,33.810001373291016
2010-12-09,16.760000228881836,33.7400016784668
2010-12-08,16.690000534057617,34.45000076293945
2010-12-07,16.559999465942383,34.68000030517578
2010-12-06,16.649999618530273,34.47999954223633
2010-12-03,16.799999237060547,34.54999923706055
2010-12-02,16.780000686645508,34.68000030517578
2010-12-01,16.459999084472656,34.779998779296875
2010-11-30,15.9399995803833,34.20000076293945
2010-11-29,16.059999465942383,33.79999923706055
2010-11-26,16.100000381469727,33.79999923706055
2010-11-24,15.949999809265137,33.47999954223633
2010-11-23,15.699999809265137,33.25
2010-11-22,16.200000762939453,34.08000183105469
2010-11-19,16.280000686645508,34.2599983215332
2010-11-18,16.1200008392334,34.189998626708984
